id_partido;minuto;extra;id_equipo;id_jugador;id_asistente_o_sale;tipo;detalle;comentarios
1390974;31;0;539;450497;;Tarjeta;Tarjeta amarilla;Falta
1390974;43;0;539;128985;;Tarjeta;Tarjeta amarilla;Falta
1390974;57;0;533;180496;3246;Gol;Gol en jugada;
1390974;60;0;533;18906;;Tarjeta;Tarjeta amarilla;Falta
1390974;65;0;539;46790;316517;Sustitucion;Sustitucion 1;
1390974;65;0;539;334878;182639;Sustitucion;Sustitucion 2;
1390974;65;0;539;421807;378284;Sustitucion;Sustitucion 3;
1390974;71;0;533;18906;1702;Sustitucion;Sustitucion 1;
1390974;72;0;533;20696;;Tarjeta;Tarjeta amarilla;Falta
1390974;74;0;539;128985;182770;Sustitucion;Sustitucion 4;
1390974;79;0;533;237066;336671;Sustitucion;Sustitucion 2;
1390974;79;0;533;20696;49;Sustitucion;Sustitucion 3;
1390974;85;0;539;1118;;Tarjeta;Tarjeta amarilla;Falta
1390974;88;0;533;182519;355994;Sustitucion;Sustitucion 4;
1390974;89;0;539;463279;579287;Sustitucion;Sustitucion 5;
1390974;89;0;533;180496;351587;Sustitucion;Sustitucion 5;
1390974;90;4;533;3246;;Tarjeta;Tarjeta amarilla;
1390974;90;0;533;47541;;Tarjeta;Tarjeta amarilla;Falta
1391029;23;0;548;47314;;Tarjeta;Tarjeta amarilla;Falta
1391029;37;0;548;925;23;Gol;Gol en jugada;
1391029;46;0;531;332309;47007;Sustitucion;Sustitucion 1;
1391029;51;0;548;405073;;Tarjeta;Tarjeta amarilla;Discusion / protesta
1391029;56;0;531;47273;;Tarjeta;Tarjeta amarilla;Falta
1391029;62;0;531;332308;84086;Sustitucion;Sustitucion 2;
1391029;63;0;548;287654;183744;Sustitucion;Sustitucion 1;
1391029;63;0;548;7332;47440;Sustitucion;Sustitucion 2;
1391029;69;0;531;182181;;Tarjeta;Tarjeta amarilla;Mano
1391029;72;0;531;183799;47294;Sustitucion;Sustitucion 3;
1391029;72;0;531;30510;183776;Sustitucion;Sustitucion 4;
1391029;75;0;531;183776;;Tarjeta;Tarjeta amarilla;Falta
1391029;77;0;548;47323;61774;Sustitucion;Sustitucion 3;
1391029;77;0;548;925;365287;Sustitucion;Sustitucion 4;
1391029;79;0;531;182181;47299;Sustitucion;Sustitucion 5;
1391029;83;0;548;47440;;Tarjeta;Tarjeta roja;Conducta violenta
1391029;84;0;531;183849;;Tarjeta;Tarjeta amarilla;Discusion / protesta
1391029;85;0;548;290106;47303;Sustitucion;Sustitucion 5;
1391029;88;0;531;47007;47273;Gol;Gol en jugada;
1391030;20;0;532;46933;6010;Gol;Gol en jugada;
1391030;23;0;543;47579;;Gol;Penalti;
1391030;46;0;543;286084;1697;Sustitucion;Sustitucion 1;
1391030;50;0;532;48372;;Tarjeta;Tarjeta amarilla;Falta
1391030;53;0;532;47463;;Tarjeta;Tarjeta amarilla;Falta
1391030;67;0;543;47579;443163;Sustitucion;Sustitucion 2;
1391030;72;0;532;47264;31406;Sustitucion;Sustitucion 1;
1391030;72;0;532;6010;41157;Sustitucion;Sustitucion 2;
1391030;72;0;532;47463;21153;Sustitucion;Sustitucion 3;
1391030;77;0;532;46933;162127;Sustitucion;Sustitucion 4;
1391030;81;0;532;181582;333672;Sustitucion;Sustitucion 5;
1391030;85;0;532;47251;;Tarjeta;Tarjeta amarilla;Falta
1391030;88;0;543;1697;;Gol;Gol en jugada;
1391030;90;7;532;333672;;Tarjeta;Tarjeta amarilla;Discusion / protesta
1391030;90;1;543;47302;355004;Sustitucion;Sustitucion 3;
1391030;90;1;543;9971;334574;Sustitucion;Sustitucion 4;
1391031;6;0;529;386828;1323;Gol;Gol en jugada;
1391031;29;0;797;343202;161963;Gol;Gol en jugada;
1391031;38;0;797;189866;;Tarjeta;Tarjeta amarilla;Falta
1391031;40;0;529;931;538;Gol;Gol en jugada;
1391031;46;0;529;1496;909;Sustitucion;Sustitucion 1;
1391031;56;0;797;187318;311345;Sustitucion;Sustitucion 1;
1391031;60;0;797;18821;271580;Sustitucion;Sustitucion 2;
1391031;60;0;797;2063;439293;Sustitucion;Sustitucion 3;
1391031;62;0;529;931;521;Sustitucion;Sustitucion 2;
1391031;62;0;529;1323;433396;Sustitucion;Sustitucion 3;
1391031;72;0;529;909;;Gol;Gol en jugada;
1391031;74;0;797;126640;157146;Sustitucion;Sustitucion 4;
1391031;74;0;797;343202;318592;Sustitucion;Sustitucion 5;
1391031;76;0;797;341371;;Tarjeta;Tarjeta amarilla;Falta
1391031;84;0;529;1257;101814;Sustitucion;Sustitucion 4;
1391031;85;0;529;340626;329728;Sustitucion;Sustitucion 5;
1391031;90;0;529;538;;Tarjeta;Tarjeta amarilla;Falta
1391032;15;0;540;312990;;Gol;Gol en jugada;
1391032;27;0;542;162686;;Gol;Gol en jugada;
1391032;40;0;542;128951;;Tarjeta;Tarjeta amarilla;Falta
1391032;46;0;542;6085;6638;Sustitucion;Sustitucion 1;
1391032;57;0;540;182674;47398;Sustitucion;Sustitucion 1;
1391032;57;0;540;187987;273732;Sustitucion;Sustitucion 2;
1391032;61;0;542;128951;361384;Sustitucion;Sustitucion 2;
1391032;62;0;542;266658;47309;Sustitucion;Sustitucion 3;
1391032;71;0;542;608;47181;Gol;Gol en jugada;
1391032;73;0;542;47181;104821;Sustitucion;Sustitucion 4;
1391032;79;0;540;282054;199824;Sustitucion;Sustitucion 3;
1391032;84;0;540;47478;47256;Sustitucion;Sustitucion 4;
1391032;84;0;540;183699;48555;Sustitucion;Sustitucion 5;
1391033;19;0;538;162123;;Tarjeta;Tarjeta amarilla;Falta
1391033;35;0;546;195512;;Tarjeta;Tarjeta amarilla;Falta
1391033;61;0;538;47348;;Tarjeta;Tarjeta amarilla;Falta
1391033;68;0;546;343205;46860;Sustitucion;Sustitucion 1;
1391033;68;0;538;162712;157988;Sustitucion;Sustitucion 1;
1391033;68;0;538;269163;320517;Sustitucion;Sustitucion 2;
1391033;76;0;538;47348;329720;Sustitucion;Sustitucion 3;
1391033;77;0;546;195512;394573;Sustitucion;Sustitucion 2;
1391033;77;0;538;351913;179955;Sustitucion;Sustitucion 4;
1391033;81;0;538;391822;47445;Sustitucion;Sustitucion 5;
1391033;90;0;546;46795;316516;Sustitucion;Sustitucion 3;
1391033;90;0;546;6490;47407;Sustitucion;Sustitucion 4;
1391033;90;0;546;18794;546852;Sustitucion;Sustitucion 5;
1391034;21;0;530;133;;Tarjeta;Tarjeta amarilla;Falta
1391034;27;0;530;8492;6009;Sustitucion;Sustitucion 1;
1391034;29;0;539;421807;64309;Sustitucion;Sustitucion 1;
1391034;46;0;530;133;30399;Sustitucion;Sustitucion 2;
1391034;49;0;530;336594;50;Sustitucion;Sustitucion 3;
1391034;58;0;530;6067;295793;Sustitucion;Sustitucion 4;
1391034;59;0;539;128985;378284;Sustitucion;Sustitucion 2;
1391034;59;0;530;753;182219;Sustitucion;Sustitucion 5;
1391034;73;0;530;26315;451594;Sustitucion;Sustitucion 6;
1391034;75;0;539;182770;182603;Sustitucion;Sustitucion 3;
1391034;75;0;539;579287;463279;Sustitucion;Sustitucion 4;
1391034;84;0;539;734;;Tarjeta;Tarjeta amarilla;Falta
1391034;89;0;539;192032;328139;Sustitucion;Sustitucion 5;
1391034;90;2;539;182603;;Tarjeta;Tarjeta amarilla;Falta
1391035;23;0;798;491248;;VAR;Penalti confirmado;
1391035;26;0;798;50048;;Gol;Penalti;
1391035;44;0;798;414;;Tarjeta;Tarjeta amarilla;Faltas reiteradas
1391035;45;0;536;19364;162126;Gol;Gol en jugada;
1391035;53;0;798;190485;;Gol;Gol en jugada;
1391035;55;0;798;25375;107194;Sustitucion;Sustitucion 1;
1391035;60;0;536;162126;910;Sustitucion;Sustitucion 1;
1391035;60;0;536;182772;39121;Sustitucion;Sustitucion 2;
1391035;74;0;798;47336;50048;Gol;Gol en jugada;
1391035;79;0;536;19364;185398;Sustitucion;Sustitucion 3;
1391035;79;0;536;41208;957;Sustitucion;Sustitucion 4;
1391035;83;0;798;47336;1701;Sustitucion;Sustitucion 2;
1391035;84;0;798;491248;313059;Sustitucion;Sustitucion 3;
1391035;90;0;536;21004;;Tarjeta;Tarjeta amarilla;Falta
1391035;90;1;798;50048;46751;Sustitucion;Sustitucion 4;
1391035;90;2;798;190485;285909;Sustitucion;Sustitucion 5;
1391035;90;0;798;285909;313059;Gol;Gol en jugada;
1391036;17;0;533;1707;;Gol;Penalti;
1391036;19;0;533;1702;;Tarjeta;Tarjeta amarilla;Falta
1391036;20;0;727;338751;46658;Gol;Gol en jugada;
1391036;38;0;727;47533;;Tarjeta;Tarjeta amarilla;Falta
1391036;45;0;727;46746;46662;Gol;Gol en jugada;
1391036;46;0;727;47533;182592;Sustitucion;Sustitucion 1;
1391036;46;0;533;1702;70500;Sustitucion;Sustitucion 1;
1391036;62;0;727;264470;67939;Sustitucion;Sustitucion 2;
1391036;70;0;533;1707;3246;Gol;Gol en jugada;
1391036;72;0;727;1825;;Tarjeta;Tarjeta amarilla;Falta
1391036;75;0;533;180496;51016;Sustitucion;Sustitucion 2;
1391036;75;0;533;928;47541;Sustitucion;Sustitucion 3;
1391036;76;0;727;46658;181259;Sustitucion;Sustitucion 3;
1391036;76;0;727;46746;146751;Sustitucion;Sustitucion 4;
1391036;83;0;533;1707;351587;Sustitucion;Sustitucion 4;
1391036;90;0;533;336671;;Tarjeta;Tarjeta amarilla;Falta
1391037;10;0;541;129718;744;Sustitucion;Sustitucion 1;
1391037;15;0;541;762;744;Gol;Gol en jugada;
1391037;46;0;541;341640;748;Sustitucion;Sustitucion 2;
1391037;49;0;728;128582;47543;Gol;Gol en jugada;
1391037;53;0;728;47414;;Tarjeta;Tarjeta amarilla;Falta
1391037;56;0;728;128582;46887;Sustitucion;Sustitucion 1;
1391037;56;0;728;47414;47109;Sustitucion;Sustitucion 2;
1391037;57;0;728;181734;;Tarjeta;Tarjeta amarilla;Falta
1391037;60;0;541;449249;336711;Sustitucion;Sustitucion 3;
1391037;65;0;728;131546;;Tarjeta;Tarjeta amarilla;Falta
1391037;69;0;541;748;;Tarjeta;Tarjeta amarilla;Falta
1391037;72;0;728;47109;;Tarjeta;Tarjeta amarilla;Falta
1391037;77;0;541;361497;505;Sustitucion;Sustitucion 4;
1391037;77;0;541;291964;10009;Sustitucion;Sustitucion 5;
1391037;77;0;728;47543;46759;Sustitucion;Sustitucion 3;
1391037;80;0;728;41552;;Tarjeta;Tarjeta roja;Falta
1391037;82;0;728;11379;;Tarjeta;Tarjeta amarilla;Perdida de tiempo
1391037;83;0;541;762;;Tarjeta;Tarjeta amarilla;Discusion / protesta
1391037;83;0;728;290740;;Tarjeta;Tarjeta amarilla;Discusion / protesta
1391037;83;0;728;131546;1847;Sustitucion;Sustitucion 4;
1391037;84;0;728;290740;324750;Sustitucion;Sustitucion 5;
1391037;90;13;728;181734;;Tarjeta;Tarjeta amarilla;Discusion / protesta
1391037;90;9;728;46759;;Tarjeta;Tarjeta amarilla;Discusion / protesta
1391037;90;13;728;181734;;Tarjeta;Tarjeta roja;Discusion / protesta
1391037;90;0;541;278;;Gol;Penalti;
1391038;39;0;718;41970;;Tarjeta;Tarjeta amarilla;Falta
1391038;64;0;718;182486;1695;Sustitucion;Sustitucion 1;
1391038;64;0;718;20844;362750;Sustitucion;Sustitucion 2;
1391038;69;0;547;283668;313025;Sustitucion;Sustitucion 1;
1391038;69;0;547;2061;414385;Sustitucion;Sustitucion 2;
1391038;70;0;718;3608;30690;Sustitucion;Sustitucion 3;
1391038;70;0;718;46657;131548;Sustitucion;Sustitucion 4;
1391038;70;0;547;1700;20;Sustitucion;Sustitucion 3;
1391038;74;0;718;266202;362750;Gol;Gol en jugada;
1391038;79;0;547;47435;2617;Sustitucion;Sustitucion 4;
1391038;80;0;547;2182;;Tarjeta;Tarjeta amarilla;Falta
1391038;87;0;718;30927;2922;Sustitucion;Sustitucion 5;
1391039;9;0;546;47250;;Tarjeta;Tarjeta amarilla;Falta
1391039;27;0;546;343205;;Tarjeta;Tarjeta amarilla;Falta
1391039;34;0;546;343205;46813;Sustitucion;Sustitucion 1;
1391039;49;0;546;46795;;Tarjeta;Tarjeta amarilla;Falta
1391039;53;0;546;6490;47085;Gol;Gol en jugada;
1391039;58;0;542;266658;183751;Sustitucion;Sustitucion 1;
1391039;59;0;542;139001;1461;Sustitucion;Sustitucion 2;
1391039;59;0;542;47181;623902;Sustitucion;Sustitucion 3;
1391039;60;0;542;18740;;Tarjeta;Tarjeta amarilla;Falta
1391039;67;0;546;6490;394573;Sustitucion;Sustitucion 2;
1391039;72;0;546;47258;;Gol;Penalti;
1391039;75;0;546;46813;;Tarjeta;Tarjeta amarilla;Falta
1391039;77;0;542;18740;361384;Sustitucion;Sustitucion 4;
1391039;77;0;542;143;551366;Sustitucion;Sustitucion 5;
1391039;85;0;542;6638;;Tarjeta;Tarjeta amarilla;Falta
1391039;90;1;546;195512;47407;Sustitucion;Sustitucion 3;
1391039;90;1;546;18794;18867;Sustitucion;Sustitucion 4;
1391040;17;0;539;316517;;Tarjeta;Tarjeta roja;Falta como ultimo hombre
1391040;29;0;531;47291;47007;Gol;Gol en jugada;
1391040;34;0;531;47291;47294;Gol;Gol en jugada;
1391040;39;0;531;47273;336998;Sustitucion;Sustitucion 1;
1391040;46;0;539;182770;125239;Sustitucion;Sustitucion 1;
1391040;62;0;531;47291;84086;Sustitucion;Sustitucion 2;
1391040;63;0;531;383780;332309;Sustitucion;Sustitucion 3;
1391040;65;0;539;734;46941;Sustitucion;Sustitucion 2;
1391040;65;0;539;104949;182603;Sustitucion;Sustitucion 3;
1391040;65;0;539;192032;450497;Sustitucion;Sustitucion 4;
1391040;66;0;531;183849;;Tarjeta;Tarjeta amarilla;Falta
1391040;76;0;531;47007;332308;Sustitucion;Sustitucion 4;
1391040;76;0;531;183799;568156;Sustitucion;Sustitucion 5;
1391040;77;0;539;1118;;Tarjeta;Tarjeta amarilla;Falta
1391040;81;0;539;334878;128985;Sustitucion;Sustitucion 5;
1391040;81;0;539;46941;;Gol;Gol en jugada;
1391040;86;0;531;286593;568156;Gol;Gol en jugada;
1391040;89;0;531;332309;;Tarjeta;Tarjeta amarilla;Falta
1391040;90;8;531;286593;47276;Sustitucion;Sustitucion 6;
1391040;90;8;539;;463279;Sustitucion;Sustitucion 6;
1391040;90;0;539;182603;;Gol;Gol en jugada;
1391040;90;0;531;84086;47294;Gol;Gol en jugada;
1391041;25;0;530;162012;;Tarjeta;Tarjeta amarilla;Falta
1391041;28;0;543;9971;181421;Gol;Gol en jugada;
1391041;46;0;530;162012;47301;Sustitucion;Sustitucion 1;
1391041;46;0;530;6067;182219;Sustitucion;Sustitucion 2;
1391041;46;0;530;6009;8492;Sustitucion;Sustitucion 3;
1391041;55;0;530;341371;56;Sustitucion;Sustitucion 4;
1391041;56;0;530;18767;;Tarjeta;Tarjeta amarilla;Falta
1391041;70;0;530;18767;313383;Sustitucion;Sustitucion 5;
1391041;70;0;543;1697;286084;Sustitucion;Sustitucion 1;
1391041;71;0;543;181421;;Tarjeta;Tarjeta amarilla;Falta
1391041;77;0;530;47302;;VAR;Gol anulado;
1391041;79;0;543;3033;300885;Sustitucion;Sustitucion 2;
1391041;83;0;530;182219;;Tarjeta;Tarjeta amarilla;Falta
1391041;87;0;543;750;1561;Sustitucion;Sustitucion 3;
1391041;87;0;543;9971;136117;Sustitucion;Sustitucion 4;
1391042;29;0;529;521;1323;Gol;Gol en jugada;
1391042;61;0;529;386828;1323;Gol;Gol en jugada;
1391042;62;0;798;108519;107194;Sustitucion;Sustitucion 1;
1391042;62;0;798;285909;47336;Sustitucion;Sustitucion 2;
1391042;62;0;798;491248;313059;Sustitucion;Sustitucion 3;
1391042;67;0;529;909;931;Sustitucion;Sustitucion 1;
1391042;67;0;529;1323;433396;Sustitucion;Sustitucion 2;
1391042;77;0;798;190485;1701;Sustitucion;Sustitucion 4;
1391042;77;0;798;50048;293604;Sustitucion;Sustitucion 5;
1391042;78;0;529;521;855;Sustitucion;Sustitucion 3;
1391042;78;0;529;386828;338958;Sustitucion;Sustitucion 4;
1391042;83;0;529;433396;340626;Gol;Gol en jugada;
1391042;84;0;529;340626;491086;Sustitucion;Sustitucion 5;
1391043;31;0;727;279822;182592;Sustitucion;Sustitucion 1;
1391043;35;0;727;46746;264470;Gol;Gol en jugada;
1391043;45;1;727;46658;;Tarjeta;Tarjeta amarilla;Falta
1391043;50;0;538;47348;;VAR;Penalti confirmado;
1391043;53;0;538;47348;;Gol;Penalti;
1391043;56;0;538;179955;;Tarjeta;Tarjeta amarilla;Falta
1391043;67;0;538;329720;269163;Sustitucion;Sustitucion 1;
1391043;67;0;538;179955;162712;Sustitucion;Sustitucion 2;
1391043;70;0;727;46746;146751;Sustitucion;Sustitucion 2;
1391043;70;0;727;46658;381197;Sustitucion;Sustitucion 3;
1391043;75;0;538;47348;122734;Sustitucion;Sustitucion 3;
1391043;78;0;538;157988;;Tarjeta;Tarjeta amarilla;Falta
1391043;79;0;727;146751;47533;Gol;Gol en jugada;
1391043;83;0;538;391822;47445;Sustitucion;Sustitucion 4;
1391043;83;0;538;157988;351913;Sustitucion;Sustitucion 5;
1391043;88;0;727;67939;47574;Sustitucion;Sustitucion 4;
1391043;88;0;727;264470;181259;Sustitucion;Sustitucion 5;
1391043;90;1;727;21701;;Tarjeta;Tarjeta amarilla;Falta
1391045;7;0;797;126640;;Tarjeta;Tarjeta amarilla;Falta
1391045;24;0;548;7332;925;Gol;Gol en jugada;
1391045;29;0;548;7332;183744;Sustitucion;Sustitucion 1;
1391045;37;0;548;47323;;Gol;Gol en jugada;
1391045;42;0;797;2063;;Gol;Gol en jugada;
1391045;45;4;797;46711;;Tarjeta;Tarjeta amarilla;Discusion / protesta
1391045;53;0;548;290106;;VAR;Gol anulado;
1391045;55;0;797;271580;187318;Sustitucion;Sustitucion 1;
1391045;55;0;797;189866;47329;Sustitucion;Sustitucion 2;
1391045;65;0;797;18821;;Tarjeta;Tarjeta amarilla;Falta
1391045;65;0;548;737;199044;Sustitucion;Sustitucion 2;
1391045;65;0;548;925;387139;Sustitucion;Sustitucion 3;
1391045;72;0;797;162058;47378;Sustitucion;Sustitucion 3;
1391045;73;0;797;157146;318592;Sustitucion;Sustitucion 4;
1391045;79;0;797;18821;46982;Sustitucion;Sustitucion 5;
1391045;82;0;548;47323;61774;Sustitucion;Sustitucion 4;
1391045;82;0;548;930;2449;Sustitucion;Sustitucion 5;
1391045;87;0;797;46982;;Tarjeta;Tarjeta amarilla;Falta
1391045;89;0;548;61774;287654;Gol;Gol en jugada;
1391046;-5;0;536;2280;;Tarjeta;Tarjeta amarilla;Discusion / protesta
1391046;2;0;547;45;313025;Gol;Gol en jugada;
1391046;21;0;536;195923;;Tarjeta;Tarjeta amarilla;Falta
1391046;46;0;536;195923;182772;Sustitucion;Sustitucion 1;
1391046;46;0;536;162126;39121;Sustitucion;Sustitucion 2;
1391046;46;0;536;2280;341453;Sustitucion;Sustitucion 3;
1391046;46;0;547;161670;414385;Sustitucion;Sustitucion 1;
1391046;53;0;547;414385;;Tarjeta;Tarjeta amarilla;Falta
1391046;56;0;547;47435;20;Sustitucion;Sustitucion 2;
1391046;63;0;536;21087;957;Sustitucion;Sustitucion 4;
1391046;74;0;536;57446;910;Sustitucion;Sustitucion 5;
1391046;74;0;547;2061;339105;Sustitucion;Sustitucion 3;
1391046;74;0;547;45;162434;Sustitucion;Sustitucion 4;
1391046;87;0;547;158;;Tarjeta;Tarjeta amarilla;Perdida de tiempo
1391046;90;6;536;11421;;Tarjeta;Tarjeta amarilla;Falta
1391046;90;2;547;1700;;Tarjeta;Tarjeta amarilla;Falta
1391046;90;6;547;1700;2617;Sustitucion;Sustitucion 5;
1391046;90;0;536;297311;;Gol;Gol en jugada;
1391047;65;0;541;284300;361497;Gol;Gol en jugada;
1391047;69;0;541;284300;;Tarjeta;Tarjeta amarilla;Falta
1391047;72;0;532;47277;1482;Sustitucion;Sustitucion 1;
1391047;72;0;532;47463;2476;Sustitucion;Sustitucion 2;
1391047;76;0;541;330436;283;Sustitucion;Sustitucion 1;
1391047;76;0;541;336711;744;Sustitucion;Sustitucion 2;
1391047;81;0;532;48465;315699;Sustitucion;Sustitucion 3;
1391047;81;0;532;46933;138776;Sustitucion;Sustitucion 4;
1391047;82;0;532;6010;31406;Sustitucion;Sustitucion 5;
1391047;82;0;541;291964;449249;Sustitucion;Sustitucion 3;
1391047;88;0;532;181582;;Tarjeta;Tarjeta amarilla;Falta
1391047;90;2;541;756;560905;Sustitucion;Sustitucion 4;
1391047;90;0;541;278;744;Gol;Gol en jugada;
1391048;6;0;540;184407;;Tarjeta;Tarjeta amarilla;Falta
1391048;16;0;533;51016;;Tarjeta;Tarjeta amarilla;Falta
1391048;35;0;533;180496;51016;Gol;Gol en jugada;
1391048;41;0;533;184407;;Gol;Gol en propia;
1391048;46;0;540;47478;282054;Sustitucion;Sustitucion 1;
1391048;50;0;533;3246;182519;Gol;Gol en jugada;
1391048;53;0;540;46799;;Tarjeta;Tarjeta amarilla;Falta
1391048;55;0;533;182519;180496;Gol;Gol en jugada;
1391048;57;0;540;282054;;Tarjeta;Tarjeta amarilla;Falta
1391048;59;0;540;46799;48555;Sustitucion;Sustitucion 2;
1391048;59;0;540;273732;85;Sustitucion;Sustitucion 3;
1391048;59;0;540;312990;47396;Sustitucion;Sustitucion 4;
1391048;64;0;533;51016;18906;Sustitucion;Sustitucion 1;
1391048;65;0;533;928;47541;Sustitucion;Sustitucion 2;
1391048;70;0;533;20696;;Tarjeta;Tarjeta amarilla;Falta
1391048;72;0;540;47398;297742;Sustitucion;Sustitucion 5;
1391048;73;0;533;311773;355994;Sustitucion;Sustitucion 3;
1391048;73;0;533;180496;351587;Sustitucion;Sustitucion 4;
1391048;80;0;533;182519;514913;Sustitucion;Sustitucion 5;
1391048;88;0;540;47249;85;Gol;Gol en jugada;
1391048;89;0;533;70500;;Tarjeta;Tarjeta amarilla;Falta
1391049;37;0;797;187318;;Tarjeta;Tarjeta amarilla;Discusion / protesta
1391049;37;0;727;46746;;Tarjeta;Tarjeta amarilla;Falta
1391049;53;0;727;1825;;Tarjeta;Tarjeta amarilla;Falta
1391049;66;0;727;182621;46662;Sustitucion;Sustitucion 1;
1391049;66;0;727;1825;381197;Sustitucion;Sustitucion 2;
1391049;67;0;727;338751;264470;Sustitucion;Sustitucion 3;
1391049;73;0;727;381197;;Tarjeta;Tarjeta amarilla;Falta
1391049;74;0;727;46746;146751;Sustitucion;Sustitucion 4;
1391049;79;0;797;47182;;Tarjeta;Tarjeta amarilla;Falta
1391049;80;0;797;318592;271580;Sustitucion;Sustitucion 1;
1391049;80;0;797;187318;189866;Sustitucion;Sustitucion 2;
1391049;85;0;727;46658;;Tarjeta;Tarjeta amarilla;Faltas reiteradas
1391049;85;0;797;47182;284415;Sustitucion;Sustitucion 3;
1391049;85;0;797;2063;47013;Sustitucion;Sustitucion 4;
1391049;86;0;727;46658;181259;Sustitucion;Sustitucion 5;
1391050;38;0;538;122734;179955;Gol;Gol en jugada;
1391050;56;0;540;46799;183699;Sustitucion;Sustitucion 1;
1391050;56;0;540;48555;273732;Sustitucion;Sustitucion 2;
1391050;56;0;540;85;47396;Sustitucion;Sustitucion 3;
1391050;66;0;540;47396;;Gol;Gol en jugada;
1391050;70;0;538;179955;162712;Sustitucion;Sustitucion 1;
1391050;70;0;538;122734;162123;Sustitucion;Sustitucion 2;
1391050;70;0;538;269163;320517;Sustitucion;Sustitucion 3;
1391050;72;0;540;47398;182674;Sustitucion;Sustitucion 4;
1391050;80;0;538;47348;;VAR;Gol anulado;
1391050;83;0;540;312990;187987;Sustitucion;Sustitucion 5;
1391050;86;0;540;273732;187987;Gol;Gol en jugada;
1391050;87;0;538;384135;47445;Sustitucion;Sustitucion 4;
1391050;88;0;538;333502;211;Sustitucion;Sustitucion 5;
1391050;90;4;540;47249;;Tarjeta;Tarjeta amarilla;Falta
1391050;90;0;538;47348;320517;Gol;Gol en jugada;
1391051;-5;0;546;18867;;Tarjeta;Tarjeta amarilla;Discusion / protesta
1391051;35;0;546;180927;;Tarjeta;Tarjeta amarilla;Falta
1391051;39;0;546;6490;;VAR;Penalti confirmado;
1391051;39;0;533;336671;;Tarjeta;Tarjeta amarilla;Falta
1391051;41;0;546;47258;;Gol;Penalti;
1391051;46;0;533;514913;18906;Sustitucion;Sustitucion 1;
1391051;49;0;533;311773;;Tarjeta;Tarjeta amarilla;Falta
1391051;53;0;546;195512;119742;Gol;Gol en jugada;
1391051;65;0;533;51016;180496;Sustitucion;Sustitucion 2;
1391051;65;0;533;928;47541;Sustitucion;Sustitucion 3;
1391051;76;0;533;180496;;Gol;Gol en jugada;
1391051;78;0;533;311773;355994;Sustitucion;Sustitucion 4;
1391051;80;0;546;47250;46860;Sustitucion;Sustitucion 1;
1391051;81;0;546;6490;394573;Sustitucion;Sustitucion 2;
1391051;86;0;533;351587;;Tarjeta;Tarjeta amarilla;Falta
1391051;86;0;546;18794;316516;Sustitucion;Sustitucion 3;
1391051;90;2;546;195512;47407;Sustitucion;Sustitucion 4;
1391052;41;0;529;619;;Tarjeta;Tarjeta amarilla;Falta
1391052;59;0;529;396623;1257;Gol;Gol en jugada;
1391052;61;0;547;45;161670;Gol;Gol en jugada;
1391052;63;0;529;181701;161928;Sustitucion;Sustitucion 1;
1391052;63;0;529;1496;338958;Sustitucion;Sustitucion 2;
1391052;68;0;547;2061;339105;Sustitucion;Sustitucion 1;
1391052;68;0;547;45;47435;Sustitucion;Sustitucion 2;
1391052;73;0;547;161670;414385;Sustitucion;Sustitucion 3;
1391052;73;0;529;619;101814;Sustitucion;Sustitucion 3;
1391052;73;0;529;931;521;Sustitucion;Sustitucion 4;
1391052;80;0;529;1323;433396;Sustitucion;Sustitucion 5;
1391052;84;0;529;1257;;Tarjeta;Tarjeta amarilla;Falta
1391052;86;0;547;47435;339105;Gol;Gol en jugada;
1391052;90;9;547;20;;Tarjeta;Tarjeta amarilla;Discusion / protesta
1391052;90;9;547;339105;;Tarjeta;Tarjeta roja;Falta
1391052;90;9;529;433396;;Tarjeta;Tarjeta amarilla;Discusion / protesta
1391052;90;2;547;1700;162434;Sustitucion;Sustitucion 4;
1391053;17;0;532;48465;;Tarjeta;Tarjeta amarilla;Falta
1391053;58;0;532;48465;315699;Sustitucion;Sustitucion 1;
1391053;58;0;532;47463;2476;Sustitucion;Sustitucion 2;
1391053;58;0;532;47264;31406;Sustitucion;Sustitucion 3;
1391053;64;0;532;138776;46933;Gol;Gol en jugada;
1391053;69;0;539;182770;182603;Sustitucion;Sustitucion 1;
1391053;69;0;539;192032;450497;Sustitucion;Sustitucion 2;
1391053;69;0;539;128985;378284;Sustitucion;Sustitucion 3;
1391053;78;0;539;104949;182639;Sustitucion;Sustitucion 4;
1391053;78;0;539;504605;463279;Sustitucion;Sustitucion 5;
1391053;84;0;532;31406;315699;Gol;Gol en jugada;
1391053;85;0;539;421807;;Tarjeta;Tarjeta amarilla;Discusion / protesta
1391053;88;0;532;138776;162175;Sustitucion;Sustitucion 4;
1391053;88;0;532;48372;21153;Sustitucion;Sustitucion 5;
1391053;90;4;539;125239;;Tarjeta;Tarjeta amarilla;Discusion / protesta
1391053;90;4;539;125239;;Tarjeta;Tarjeta amarilla;Discusion / protesta
1391053;90;4;539;125239;;Tarjeta;Tarjeta roja;Discusion / protesta
1391053;90;2;532;162175;;Tarjeta;Tarjeta amarilla;Perdida de tiempo
1391054;16;0;543;47302;;Tarjeta;Tarjeta amarilla;Mano
1391054;18;0;543;181421;;Gol;Gol en jugada;
1391054;21;0;798;190485;;Tarjeta;Tarjeta amarilla;Falta
1391054;44;0;543;47119;;Tarjeta;Tarjeta amarilla;Falta
1391054;45;0;543;3033;9971;Gol;Gol en jugada;
1391054;46;0;798;414;1701;Sustitucion;Sustitucion 1;
1391054;46;0;798;313059;140831;Sustitucion;Sustitucion 2;
1391054;46;0;543;47302;1561;Sustitucion;Sustitucion 1;
1391054;50;0;798;1701;;Tarjeta;Tarjeta amarilla;Falta
1391054;55;0;543;46990;;Tarjeta;Tarjeta amarilla;Perdida de tiempo
1391054;59;0;798;50048;;Tarjeta;Tarjeta amarilla;Simulacion
1391054;61;0;798;26302;;Tarjeta;Tarjeta amarilla;Falta
1391054;66;0;798;50048;47336;Gol;Gol en jugada;
1391054;67;0;543;750;286084;Sustitucion;Sustitucion 2;
1391054;67;0;543;47119;334574;Sustitucion;Sustitucion 3;
1391054;78;0;798;190485;107194;Sustitucion;Sustitucion 3;
1391054;78;0;798;47336;285909;Sustitucion;Sustitucion 4;
1391054;82;0;798;64268;920;Sustitucion;Sustitucion 5;
1391054;89;0;543;3033;300885;Sustitucion;Sustitucion 4;
1391055;29;0;530;133185;;Tarjeta;Tarjeta amarilla;Falta
1391055;40;0;728;162931;1703;Gol;Gol en jugada;
1391055;45;0;728;47109;;Gol;Gol en jugada;
1391055;52;0;530;341371;;Tarjeta;Tarjeta amarilla;Falta
1391055;56;0;530;341371;47301;Sustitucion;Sustitucion 1;
1391055;56;0;530;162012;313383;Sustitucion;Sustitucion 2;
1391055;56;0;530;182219;6009;Sustitucion;Sustitucion 3;
1391055;63;0;530;133185;753;Sustitucion;Sustitucion 4;
1391055;63;0;530;133;18767;Sustitucion;Sustitucion 5;
1391055;64;0;728;128582;314006;Sustitucion;Sustitucion 1;
1391055;64;0;728;131546;46887;Sustitucion;Sustitucion 2;
1391055;64;0;728;162931;47543;Sustitucion;Sustitucion 3;
1391055;70;0;530;753;;Tarjeta;Tarjeta amarilla;Falta
1391055;74;0;728;290740;122657;Sustitucion;Sustitucion 4;
1391055;76;0;728;358431;47543;Gol;Gol en jugada;
1391055;83;0;728;47414;47285;Sustitucion;Sustitucion 5;
1391055;90;2;728;47543;;Tarjeta;Tarjeta amarilla;Falta
1391056;5;0;541;336711;283;Gol;Gol en jugada;
1391056;20;0;541;361497;;Tarjeta;Tarjeta amarilla;Falta
1391056;21;0;548;47323;;Gol;Penalti;
1391056;25;0;541;762;;Gol;Penalti;
1391056;31;0;541;756;284300;Gol;Gol en jugada;
1391056;46;0;548;365287;925;Sustitucion;Sustitucion 1;
1391056;48;0;541;762;;Gol;Penalti;
1391056;60;0;541;283;733;Sustitucion;Sustitucion 1;
1391056;60;0;541;2285;505;Sustitucion;Sustitucion 2;
1391056;60;0;548;2449;183744;Sustitucion;Sustitucion 2;
1391056;60;0;548;47323;61774;Sustitucion;Sustitucion 3;
1391056;73;0;541;2207;748;Sustitucion;Sustitucion 3;
1391056;73;0;541;756;744;Sustitucion;Sustitucion 4;
1391056;73;0;548;290106;412738;Sustitucion;Sustitucion 4;
1391056;79;0;541;1271;560905;Sustitucion;Sustitucion 5;
1391056;90;2;548;183744;;Tarjeta;Tarjeta amarilla;Falta
1391057;26;0;531;47007;;Tarjeta;Tarjeta amarilla;Falta
1391057;30;0;718;266202;51530;Gol;Gol en jugada;
1391057;39;0;718;30927;;Tarjeta;Tarjeta amarilla;Falta
1391057;46;0;531;286593;84086;Sustitucion;Sustitucion 1;
1391057;57;0;718;20844;362750;Sustitucion;Sustitucion 1;
1391057;58;0;531;383780;47273;Gol;Gol en jugada;
1391057;61;0;531;383780;332309;Sustitucion;Sustitucion 2;
1391057;65;0;718;3608;1695;Sustitucion;Sustitucion 2;
1391057;65;0;718;182486;30690;Sustitucion;Sustitucion 3;
1391057;66;0;531;47007;47418;Sustitucion;Sustitucion 3;
1391057;66;0;531;47299;182181;Sustitucion;Sustitucion 4;
1391057;68;0;531;47291;;Tarjeta;Tarjeta amarilla;Falta
1391057;70;0;718;362750;;Tarjeta;Tarjeta amarilla;
1391057;71;0;531;128398;;Gol;Penalti;
1391057;81;0;718;30927;184194;Sustitucion;Sustitucion 4;
1391057;81;0;718;46657;131548;Sustitucion;Sustitucion 5;
1391057;87;0;531;332309;;Tarjeta;Tarjeta amarilla;Falta
1391057;90;0;531;128398;332308;Sustitucion;Sustitucion 5;
1391058;-5;0;536;47389;;Tarjeta;Tarjeta roja;Discusion / protesta
1391058;2;0;536;182772;;Tarjeta;Tarjeta amarilla;Falta
1391058;16;0;536;182772;;Tarjeta;Tarjeta amarilla;Falta
1391058;16;0;536;182772;;Tarjeta;Tarjeta roja;Falta
1391058;42;0;536;957;;Gol;Gol en jugada;
1391058;46;0;542;1461;47309;Sustitucion;Sustitucion 1;
1391058;46;0;542;266658;551366;Sustitucion;Sustitucion 2;
1391058;46;0;542;162686;139001;Sustitucion;Sustitucion 3;
1391058;55;0;536;2280;195923;Sustitucion;Sustitucion 1;
1391058;60;0;542;47181;143;Gol;Gol en jugada;
1391058;61;0;536;957;21087;Sustitucion;Sustitucion 2;
1391058;69;0;542;608;;VAR;Gol anulado;
1391058;70;0;536;19364;185398;Sustitucion;Sustitucion 3;
1391058;70;0;536;133110;39121;Sustitucion;Sustitucion 4;
1391058;81;0;536;57446;162126;Sustitucion;Sustitucion 5;
1391058;81;0;536;21004;125331;Sustitucion;Sustitucion 6;
1391058;84;0;542;143;104821;Sustitucion;Sustitucion 4;
1391058;90;11;536;21087;;Tarjeta;Tarjeta amarilla;Falta
1391058;90;5;536;162126;;Tarjeta;Tarjeta amarilla;Falta
1391058;90;1;536;1489;;Tarjeta;Tarjeta amarilla;Discusion / protesta
1391059;5;0;542;608;361384;Gol;Gol en jugada;
1391059;11;0;542;47181;;Tarjeta;Tarjeta amarilla;Falta
1391059;31;0;547;161670;20;Gol;Gol en jugada;
1391059;49;0;542;361384;;Tarjeta;Tarjeta amarilla;Falta
1391059;61;0;547;1700;414385;Sustitucion;Sustitucion 1;
1391059;61;0;547;45;47435;Sustitucion;Sustitucion 2;
1391059;68;0;547;161670;129678;Sustitucion;Sustitucion 3;
1391059;73;0;547;2182;129678;Gol;Gol en jugada;
1391059;76;0;547;414385;;Tarjeta;Tarjeta amarilla;Falta
1391059;76;0;542;551366;266658;Sustitucion;Sustitucion 1;
1391059;76;0;542;139001;1461;Sustitucion;Sustitucion 2;
1391059;84;0;547;47435;;Tarjeta;Tarjeta amarilla;Falta
1391059;84;0;547;2182;2617;Sustitucion;Sustitucion 4;
1391059;84;0;547;2061;162434;Sustitucion;Sustitucion 5;
1391059;88;0;542;162686;47309;Sustitucion;Sustitucion 3;
1391059;88;0;542;143;623902;Sustitucion;Sustitucion 4;
1391059;89;0;542;608;128951;Gol;Gol en jugada;
1391060;10;0;797;46711;;Tarjeta;Tarjeta amarilla;Falta
1391060;45;1;797;318592;;Tarjeta;Tarjeta amarilla;Perdida de tiempo
1391060;55;0;531;332308;;Tarjeta;Tarjeta amarilla;Falta
1391060;64;0;531;47291;47273;Gol;Gol en jugada;
1391060;67;0;531;47276;;Tarjeta;Tarjeta amarilla;Falta
1391060;68;0;797;2063;;Gol;Penalti;
1391060;70;0;531;332309;47418;Sustitucion;Sustitucion 1;
1391060;70;0;531;332308;560978;Sustitucion;Sustitucion 2;
1391060;75;0;531;128398;84086;Sustitucion;Sustitucion 3;
1391060;75;0;797;343202;47013;Sustitucion;Sustitucion 1;
1391060;75;0;797;157146;126640;Sustitucion;Sustitucion 2;
1391060;75;0;797;47182;446067;Sustitucion;Sustitucion 3;
1391060;80;0;531;47276;182181;Sustitucion;Sustitucion 4;
1391060;80;0;531;47294;183776;Sustitucion;Sustitucion 5;
1391060;81;0;797;161963;47329;Sustitucion;Sustitucion 4;
1391060;87;0;531;622;;VAR;Penalti confirmado;
1391060;88;0;797;47378;;Tarjeta;Tarjeta amarilla;Falta
1391060;89;0;531;47291;;Gol;Penalti;
1391060;90;1;531;560978;;Tarjeta;Tarjeta amarilla;Perdida de tiempo
1391060;90;3;797;47378;439293;Sustitucion;Sustitucion 5;
1391061;6;0;540;182674;;Gol;Gol en jugada;
1391061;21;0;530;8492;753;Gol;Gol en jugada;
1391061;49;0;530;323935;182219;Gol;Gol en jugada;
1391061;57;0;540;282054;187987;Sustitucion;Sustitucion 1;
1391061;58;0;530;18767;162012;Gol;Gol en jugada;
1391061;61;0;530;182219;50;Sustitucion;Sustitucion 1;
1391061;61;0;530;18767;6009;Sustitucion;Sustitucion 2;
1391061;70;0;540;127426;46799;Sustitucion;Sustitucion 2;
1391061;70;0;540;47396;312990;Sustitucion;Sustitucion 3;
1391061;70;0;540;273732;85;Sustitucion;Sustitucion 4;
1391061;72;0;530;8492;162012;Gol;Gol en jugada;
1391061;74;0;530;56;6067;Sustitucion;Sustitucion 3;
1391061;74;0;530;753;6503;Sustitucion;Sustitucion 4;
1391061;77;0;540;182674;47398;Sustitucion;Sustitucion 5;
1391061;80;0;540;46799;;Gol;Gol en jugada;
1391061;83;0;540;85;;Tarjeta;Tarjeta amarilla;Simulacion
1391061;84;0;530;323935;47301;Sustitucion;Sustitucion 5;
1391062;4;0;529;433396;619;Gol;Gol en jugada;
1391062;20;0;539;579287;;Tarjeta;Tarjeta amarilla;Falta
1391062;32;0;529;538;855;Gol;Gol en jugada;
1391062;45;3;529;181701;;Tarjeta;Tarjeta amarilla;Falta
1391062;46;0;539;46790;463279;Sustitucion;Sustitucion 1;
1391062;59;0;529;433396;;Tarjeta;Tarjeta amarilla;Falta
1391062;66;0;529;521;931;Sustitucion;Sustitucion 1;
1391062;66;0;529;433396;133609;Sustitucion;Sustitucion 2;
1391062;66;0;529;1323;340626;Sustitucion;Sustitucion 3;
1391062;70;0;539;192032;378284;Sustitucion;Sustitucion 2;
1391062;70;0;539;579287;328139;Sustitucion;Sustitucion 3;
1391062;81;0;529;340626;386828;Gol;Gol en jugada;
1391062;84;0;539;182770;128985;Sustitucion;Sustitucion 4;
1391062;88;0;529;181701;101814;Sustitucion;Sustitucion 4;
1391062;88;0;529;386828;338958;Sustitucion;Sustitucion 5;
1391062;88;0;539;1118;504605;Sustitucion;Sustitucion 5;
1391063;16;0;543;3033;;Gol;Gol en jugada;
1391063;27;0;728;358431;;Tarjeta;Tarjeta amarilla;Falta
1391063;29;0;543;1697;;Tarjeta;Tarjeta amarilla;Falta
1391063;36;0;728;47414;;Tarjeta;Tarjeta amarilla;Falta
1391063;42;0;728;131546;1703;Gol;Gol en jugada;
1391063;45;2;543;47302;;Tarjeta;Tarjeta amarilla;Falta
1391063;46;0;543;3033;47582;Sustitucion;Sustitucion 1;
1391063;61;0;543;1697;136117;Sustitucion;Sustitucion 2;
1391063;61;0;728;47414;41552;Sustitucion;Sustitucion 1;
1391063;61;0;728;162931;47543;Sustitucion;Sustitucion 2;
1391063;63;0;728;46759;;Tarjeta;Tarjeta amarilla;Falta
1391063;69;0;543;47119;334574;Sustitucion;Sustitucion 3;
1391063;70;0;543;1631;355004;Sustitucion;Sustitucion 4;
1391063;75;0;543;750;300885;Sustitucion;Sustitucion 5;
1391063;77;0;728;128582;181734;Sustitucion;Sustitucion 3;
1391063;84;0;543;300885;;Tarjeta;Tarjeta amarilla;Falta
1391063;85;0;543;355004;;Tarjeta;Tarjeta amarilla;Falta
1391063;89;0;728;1703;;VAR;Penalti anulado;
1391063;90;6;728;46759;46887;Sustitucion;Sustitucion 4;
1391063;90;6;728;290740;122657;Sustitucion;Sustitucion 5;
1391064;12;0;798;50048;;Tarjeta;Tarjeta amarilla;Falta
1391064;44;0;538;320517;269163;Sustitucion;Sustitucion 1;
1391064;47;0;798;414;;Tarjeta;Tarjeta amarilla;Falta
1391064;52;0;798;920;;Tarjeta;Tarjeta amarilla;Falta
1391064;68;0;538;122734;47348;Sustitucion;Sustitucion 2;
1391064;68;0;798;920;64268;Sustitucion;Sustitucion 1;
1391064;69;0;538;211;162123;Sustitucion;Sustitucion 3;
1391064;69;0;538;391822;47445;Sustitucion;Sustitucion 4;
1391064;69;0;798;414;1701;Sustitucion;Sustitucion 2;
1391064;77;0;798;50048;313059;Sustitucion;Sustitucion 3;
1391064;77;0;798;491248;285909;Sustitucion;Sustitucion 4;
1391064;79;0;538;179955;351913;Sustitucion;Sustitucion 5;
1391064;85;0;538;47445;;Gol;Penalti;
1391064;86;0;798;107194;293604;Sustitucion;Sustitucion 5;
1391064;90;8;538;47348;;Tarjeta;Tarjeta amarilla;Discusion / protesta
1391064;90;8;798;46733;;Tarjeta;Tarjeta amarilla;Discusion / protesta
1391064;90;2;798;64268;;Tarjeta;Tarjeta amarilla;Falta
1391064;90;0;538;47445;269163;Gol;Gol en jugada;
1391065;26;0;546;119742;;Tarjeta;Tarjeta amarilla;Discusion / protesta
1391065;26;0;546;47250;;Tarjeta;Tarjeta roja;Falta
1391065;46;0;536;21087;39121;Sustitucion;Sustitucion 1;
1391065;46;0;536;11421;2924;Sustitucion;Sustitucion 2;
1391065;53;0;536;133110;;Tarjeta;Tarjeta amarilla;Falta
1391065;55;0;536;133110;195923;Sustitucion;Sustitucion 3;
1391065;64;0;536;957;57446;Gol;Gol en jugada;
1391065;67;0;546;46813;18867;Sustitucion;Sustitucion 1;
1391065;67;0;546;119742;394573;Sustitucion;Sustitucion 2;
1391065;76;0;546;47258;343205;Sustitucion;Sustitucion 3;
1391065;76;0;546;6490;45804;Sustitucion;Sustitucion 4;
1391065;80;0;536;19364;910;Sustitucion;Sustitucion 4;
1391065;89;0;536;57446;162126;Sustitucion;Sustitucion 5;
1391066;32;0;727;67939;;Tarjeta;Tarjeta amarilla;Falta
1391066;35;0;727;46746;;VAR;Penalti confirmado;
1391066;37;0;541;730;;Tarjeta;Tarjeta amarilla;Falta
1391066;38;0;727;46746;;Gol;Penalti;
1391066;64;0;541;733;283;Sustitucion;Sustitucion 1;
1391066;64;0;541;2207;744;Sustitucion;Sustitucion 2;
1391066;66;0;727;46662;;Tarjeta;Tarjeta amarilla;Falta
1391066;66;0;727;46658;181259;Sustitucion;Sustitucion 1;
1391066;67;0;727;46746;146751;Sustitucion;Sustitucion 2;
1391066;71;0;727;67939;182621;Sustitucion;Sustitucion 3;
1391066;73;0;541;762;756;Gol;Gol en jugada;
1391066;75;0;541;756;336711;Sustitucion;Sustitucion 3;
1391066;82;0;541;291964;748;Sustitucion;Sustitucion 4;
1391066;83;0;727;46662;264470;Sustitucion;Sustitucion 4;
1391066;83;0;727;21701;421044;Sustitucion;Sustitucion 5;
1391066;84;0;541;283;;Tarjeta;Tarjeta amarilla;Falta
1391066;88;0;541;762;;Tarjeta;Tarjeta amarilla;Discusion / protesta
1391066;90;1;727;146751;;VAR;Gol confirmado;
1391066;90;3;541;505;;Tarjeta;Tarjeta amarilla;Falta
1391066;90;0;727;146751;264470;Gol;Gol en jugada;
1391067;32;0;548;23;;Tarjeta;Tarjeta amarilla;Falta
1391067;46;0;548;183744;2449;Sustitucion;Sustitucion 1;
1391067;50;0;718;51530;20844;Gol;Gol en jugada;
1391067;52;0;718;51530;;Gol;Gol en jugada;
1391067;53;0;548;290106;61774;Sustitucion;Sustitucion 2;
1391067;53;0;548;199044;737;Sustitucion;Sustitucion 3;
1391067;56;0;548;;47298;Sustitucion;Sustitucion 4;
1391067;64;0;548;61774;23;Gol;Gol en jugada;
1391067;70;0;718;3608;;Tarjeta;Tarjeta amarilla;Faltas reiteradas
1391067;76;0;718;182486;1695;Sustitucion;Sustitucion 1;
1391067;76;0;718;20844;362750;Sustitucion;Sustitucion 2;
1391067;76;0;718;3608;2922;Sustitucion;Sustitucion 3;
1391067;77;0;548;287654;268960;Sustitucion;Sustitucion 5;
1391067;81;0;548;47440;;Tarjeta;Tarjeta amarilla;Falta
1391067;84;0;718;51530;197513;Sustitucion;Sustitucion 4;
1391067;87;0;548;1902;;Gol;Gol en jugada;
1391067;90;2;718;30690;184194;Sustitucion;Sustitucion 5;
1391067;90;0;548;61774;925;Gol;Gol en jugada;
1391067;90;0;718;885;1695;Gol;Gol en jugada;
1391068;23;0;533;180496;;Tarjeta;Tarjeta amarilla;Falta
1391068;25;0;532;31406;;VAR;Penalti confirmado;
1391068;27;0;532;138776;;Gol;Penalti;
1391068;31;0;533;47541;;Gol;Gol en jugada;
1391068;38;0;532;138776;;Tarjeta;Tarjeta amarilla;Falta
1391068;45;0;533;311773;;Tarjeta;Tarjeta amarilla;Falta
1391068;45;3;533;3246;;VAR;Penalti confirmado;
1391068;45;3;532;315699;;Tarjeta;Tarjeta amarilla;Perdida de tiempo
1391068;45;0;533;20696;;Gol;Penalti;
1391068;58;0;533;20696;49;Sustitucion;Sustitucion 1;
1391068;65;0;532;47277;;Tarjeta;Tarjeta amarilla;Falta
1391068;70;0;533;18906;51016;Sustitucion;Sustitucion 2;
1391068;70;0;533;182519;1702;Sustitucion;Sustitucion 3;
1391068;70;0;532;48465;83;Sustitucion;Sustitucion 1;
1391068;70;0;532;47277;1482;Sustitucion;Sustitucion 2;
1391068;78;0;532;46933;47264;Sustitucion;Sustitucion 3;
1391068;78;0;532;918;162175;Sustitucion;Sustitucion 4;
1391068;83;0;533;47541;928;Sustitucion;Sustitucion 4;
1391068;83;0;533;3246;119213;Sustitucion;Sustitucion 5;
1391068;88;0;532;2476;41157;Sustitucion;Sustitucion 5;
1391068;90;0;532;31406;;Tarjeta;Tarjeta amarilla;Falta
