id_partido;temporada;local;visitante;prob_local;prob_empate;prob_visitante;prediccion_id;confianza;tipo;prediccion;nivel_confianza;goles_local;goles_visitante;acierto
1208494;2024;Athletic Club;Getafe;0.3716212;0.2847652;0.34361362;0;0.3716212;completados;Local;Baja;1.0;1.0;0.0
1208495;2024;Real Betis;Girona;0.36045352;0.2045152;0.43503127;2;0.43503127;completados;Visitante;Baja;1.0;1.0;0.0
1208496;2024;Mallorca;Real Madrid;0.32594714;0.16483888;0.509214;2;0.509214;completados;Visitante;Media;1.0;1.0;0.0
1208497;2024;Las Palmas;Sevilla;0.4257498;0.22722024;0.34702995;0;0.4257498;completados;Local;Baja;2.0;2.0;0.0
1208498;2024;Villarreal;Atletico Madrid;0.7216725;0.07054265;0.20778488;0;0.7216725;completados;Local;Alta;2.0;2.0;0.0
1208499;2024;Valencia;Barcelona;0.29757786;0.34342232;0.35899982;2;0.35899982;completados;Visitante;Baja;1.0;2.0;1.0
1208500;2024;Real Sociedad;Rayo Vallecano;0.40176564;0.34186932;0.25636506;0;0.40176564;completados;Local;Baja;1.0;2.0;0.0
1208501;2024;Celta Vigo;Alaves;0.68902224;0.22654141;0.08443633;0;0.68902224;completados;Local;Alta;2.0;1.0;1.0
1208502;2024;Osasuna;Leganes;0.437794;0.4669815;0.0952245;1;0.4669815;completados;Empate;Baja;1.0;1.0;1.0
1208503;2024;Atletico Madrid;Girona;0.64562744;0.11976143;0.23461112;0;0.64562744;completados;Local;Media;3.0;0.0;1.0
1208504;2024;Celta Vigo;Valencia;0.55808425;0.28637767;0.1555381;0;0.55808425;completados;Local;Media;3.0;1.0;1.0
1208505;2024;Getafe;Rayo Vallecano;0.30482674;0.3758634;0.31930983;1;0.3758634;completados;Empate;Baja;0.0;0.0;1.0
1208506;2024;Real Madrid;Valladolid;0.8570023;0.11429237;0.02870534;0;0.8570023;completados;Local;Alta;3.0;0.0;1.0
1208507;2024;Sevilla;Villarreal;0.13543092;0.38781813;0.47675097;2;0.47675097;completados;Visitante;Baja;1.0;2.0;1.0
1208508;2024;Alaves;Real Betis;0.15081367;0.6225498;0.22663651;1;0.6225498;completados;Empate;Media;0.0;0.0;1.0
1208509;2024;Leganes;Las Palmas;0.2977976;0.3619113;0.34029114;1;0.3619113;completados;Empate;Baja;2.0;1.0;0.0
1208510;2024;Barcelona;Athletic Club;0.82938343;0.0642725;0.1063441;0;0.82938343;completados;Local;Alta;2.0;1.0;1.0
1208511;2024;Osasuna;Mallorca;0.2845092;0.34784997;0.36764082;2;0.36764082;completados;Visitante;Baja;1.0;0.0;0.0
1208512;2024;Athletic Club;Valencia;0.296009;0.4512213;0.25276968;1;0.4512213;completados;Empate;Baja;1.0;0.0;0.0
1208513;2024;Real Betis;Getafe;0.6437941;0.23814808;0.11805777;0;0.6437941;completados;Local;Media;2.0;1.0;1.0
1208514;2024;Girona;Osasuna;0.81046814;0.109410405;0.08012148;0;0.81046814;completados;Local;Alta;4.0;0.0;1.0
1208515;2024;Mallorca;Sevilla;0.23639965;0.32702202;0.43657833;2;0.43657833;completados;Visitante;Baja;0.0;0.0;0.0
1208516;2024;Las Palmas;Real Madrid;0.27445737;0.26929608;0.45624647;2;0.45624647;completados;Visitante;Baja;1.0;1.0;0.0
1208517;2024;Rayo Vallecano;Barcelona;0.096494704;0.34558997;0.55791533;2;0.55791533;completados;Visitante;Media;1.0;2.0;1.0
1208518;2024;Villarreal;Celta Vigo;0.5484419;0.25301322;0.19854487;0;0.5484419;completados;Local;Media;4.0;3.0;1.0
1208519;2024;Real Sociedad;Alaves;0.6939475;0.21568233;0.09037022;0;0.6939475;completados;Local;Alta;1.0;2.0;0.0
1208520;2024;Valladolid;Leganes;0.4951186;0.3627549;0.14212647;0;0.4951186;completados;Local;Baja;0.0;0.0;0.0
1208521;2024;Athletic Club;Atletico Madrid;0.25386956;0.22317529;0.5229551;2;0.5229551;completados;Visitante;Media;0.0;1.0;1.0
1208522;2024;Barcelona;Valladolid;0.9420747;0.03325707;0.024668248;0;0.9420747;completados;Local;Alta;7.0;0.0;1.0
1208523;2024;Getafe;Real Sociedad;0.4512521;0.3377873;0.21096058;0;0.4512521;completados;Local;Baja;0.0;0.0;0.0
1208524;2024;Valencia;Villarreal;0.24769825;0.33657417;0.41572756;2;0.41572756;completados;Visitante;Baja;1.0;1.0;0.0
1208525;2024;Alaves;Las Palmas;0.22139774;0.41459304;0.36400923;1;0.41459304;completados;Empate;Baja;2.0;0.0;0.0
1208526;2024;Leganes;Mallorca;0.23510224;0.525966;0.23893183;1;0.525966;completados;Empate;Media;0.0;1.0;0.0
1208527;2024;Real Madrid;Real Betis;0.49888608;0.38459808;0.11651584;0;0.49888608;completados;Local;Baja;2.0;0.0;1.0
1208528;2024;Osasuna;Celta Vigo;0.26397428;0.28914708;0.44687858;2;0.44687858;completados;Visitante;Baja;3.0;2.0;0.0
1208529;2024;Sevilla;Girona;0.3291747;0.2979693;0.372856;2;0.372856;completados;Visitante;Baja;0.0;2.0;1.0
1208530;2024;Atletico Madrid;Valencia;0.80978256;0.0910323;0.0991851;0;0.80978256;completados;Local;Alta;3.0;0.0;1.0
1208531;2024;Real Betis;Leganes;0.46820793;0.35305393;0.17873819;0;0.46820793;completados;Local;Baja;2.0;0.0;1.0
1208532;2024;Celta Vigo;Valladolid;0.8467016;0.07951021;0.07378814;0;0.8467016;completados;Local;Alta;3.0;1.0;1.0
1208533;2024;Mallorca;Villarreal;0.27021468;0.3512336;0.37855172;2;0.37855172;completados;Visitante;Baja;1.0;2.0;1.0
1208534;2024;Las Palmas;Athletic Club;0.8214621;0.08331065;0.09522731;0;0.8214621;completados;Local;Alta;2.0;3.0;0.0
1208535;2024;Girona;Barcelona;0.25137377;0.10178849;0.6468377;2;0.6468377;completados;Visitante;Media;1.0;4.0;1.0
1208536;2024;Sevilla;Getafe;0.6805847;0.23616451;0.08325078;0;0.6805847;completados;Local;Alta;1.0;0.0;1.0
1208537;2024;Rayo Vallecano;Osasuna;0.3638137;0.2998865;0.33629984;0;0.3638137;completados;Local;Baja;3.0;1.0;1.0
1208538;2024;Real Sociedad;Real Madrid;0.27135795;0.19015183;0.53849024;2;0.53849024;completados;Visitante;Media;0.0;2.0;1.0
1208539;2024;Athletic Club;Celta Vigo;0.39186892;0.17638202;0.43174902;2;0.43174902;completados;Visitante;Baja;3.0;1.0;0.0
1208540;2024;Real Betis;Mallorca;0.5643983;0.27586734;0.15973437;0;0.5643983;completados;Local;Media;1.0;2.0;0.0
1208541;2024;Getafe;Leganes;0.5579035;0.14669257;0.29540387;0;0.5579035;completados;Local;Media;1.0;1.0;0.0
1208542;2024;Alaves;Sevilla;0.23559245;0.3122788;0.45212877;2;0.45212877;completados;Visitante;Baja;2.0;1.0;0.0
1208543;2024;Rayo Vallecano;Atletico Madrid;0.16299914;0.2686917;0.5683092;2;0.5683092;completados;Visitante;Media;1.0;1.0;0.0
1208544;2024;Villarreal;Barcelona;0.29270867;0.22338355;0.48390782;2;0.48390782;completados;Visitante;Baja;1.0;5.0;1.0
1208545;2024;Valencia;Girona;0.39253834;0.16054206;0.44691956;2;0.44691956;completados;Visitante;Baja;2.0;0.0;0.0
1208546;2024;Valladolid;Real Sociedad;0.5592475;0.1856756;0.25507697;0;0.5592475;completados;Local;Media;0.0;0.0;0.0
1208547;2024;Osasuna;Las Palmas;0.54156095;0.14012845;0.31831056;0;0.54156095;completados;Local;Media;2.0;1.0;1.0
1208548;2024;Barcelona;Getafe;0.88371974;0.0869641;0.029316144;0;0.88371974;completados;Local;Alta;1.0;0.0;1.0
1208549;2024;Girona;Rayo Vallecano;0.68124783;0.1608238;0.15792832;0;0.68124783;completados;Local;Alta;0.0;0.0;0.0
1208550;2024;Mallorca;Real Sociedad;0.39699146;0.17493841;0.42807013;2;0.42807013;completados;Visitante;Baja;1.0;0.0;0.0
1208551;2024;Sevilla;Valladolid;0.72454876;0.18165238;0.09379892;0;0.72454876;completados;Local;Alta;2.0;1.0;1.0
1208552;2024;Leganes;Athletic Club;0.56470305;0.17374142;0.26155552;0;0.56470305;completados;Local;Media;0.0;2.0;0.0
1208553;2024;Celta Vigo;Atletico Madrid;0.563199;0.3127659;0.12403514;0;0.563199;completados;Local;Media;0.0;1.0;0.0
1208554;2024;Las Palmas;Real Betis;0.54561645;0.22902517;0.22535843;0;0.54561645;completados;Local;Media;1.0;1.0;0.0
1208555;2024;Valencia;Osasuna;0.5287237;0.27612752;0.19514878;0;0.5287237;completados;Local;Media;0.0;0.0;0.0
1208556;2024;Real Madrid;Alaves;0.8488609;0.114558846;0.036580235;0;0.8488609;completados;Local;Alta;3.0;2.0;1.0
1208557;2024;Athletic Club;Sevilla;0.5269954;0.3413644;0.13164014;0;0.5269954;completados;Local;Media;1.0;1.0;0.0
1208558;2024;Atletico Madrid;Real Madrid;0.14855835;0.30520076;0.5462409;2;0.5462409;completados;Visitante;Media;1.0;1.0;0.0
1208559;2024;Celta Vigo;Girona;0.7997657;0.103915624;0.09631868;0;0.7997657;completados;Local;Alta;1.0;1.0;0.0
1208560;2024;Real Sociedad;Valencia;0.38476402;0.24165103;0.37358502;0;0.38476402;completados;Local;Baja;3.0;0.0;1.0
1208561;2024;Osasuna;Barcelona;0.09924237;0.3023296;0.5984281;2;0.5984281;completados;Visitante;Media;4.0;2.0;0.0
1208562;2024;Valladolid;Mallorca;0.42275694;0.23425332;0.34298974;0;0.42275694;completados;Local;Baja;1.0;2.0;0.0
1208563;2024;Villarreal;Las Palmas;0.5923725;0.24151494;0.16611254;0;0.5923725;completados;Local;Media;3.0;1.0;1.0
1208564;2024;Getafe;Alaves;0.46880153;0.25453386;0.27666458;0;0.46880153;completados;Local;Baja;2.0;0.0;1.0
1208565;2024;Rayo Vallecano;Leganes;0.5425325;0.3396892;0.11777829;0;0.5425325;completados;Local;Media;1.0;1.0;0.0
1208566;2024;Getafe;Osasuna;0.63209206;0.14018853;0.22771943;0;0.63209206;completados;Local;Media;1.0;1.0;0.0
1208567;2024;Real Madrid;Villarreal;0.74553835;0.16913062;0.08533108;0;0.74553835;completados;Local;Alta;2.0;0.0;1.0
1208568;2024;Alaves;Barcelona;0.055903014;0.50225466;0.44184235;1;0.50225466;completados;Empate;Media;0.0;3.0;0.0
1208569;2024;Leganes;Valencia;0.5313829;0.29317075;0.17544635;0;0.5313829;completados;Local;Media;0.0;0.0;0.0
1208570;2024;Girona;Athletic Club;0.71435004;0.14912176;0.13652822;0;0.71435004;completados;Local;Alta;2.0;1.0;1.0
1208571;2024;Real Sociedad;Atletico Madrid;0.38926503;0.24489212;0.36584282;0;0.38926503;completados;Local;Baja;1.0;1.0;0.0
1208572;2024;Sevilla;Real Betis;0.49772245;0.21690176;0.28537583;0;0.49772245;completados;Local;Baja;1.0;0.0;1.0
1208573;2024;Las Palmas;Celta Vigo;0.6183628;0.26762852;0.11400874;0;0.6183628;completados;Local;Media;0.0;1.0;0.0
1208574;2024;Valladolid;Rayo Vallecano;0.26798102;0.29801893;0.43400005;2;0.43400005;completados;Visitante;Baja;1.0;2.0;1.0
1208575;2024;Atletico Madrid;Leganes;0.5411935;0.3636872;0.09511931;0;0.5411935;completados;Local;Media;3.0;1.0;1.0
1208576;2024;Barcelona;Sevilla;0.8987979;0.037198044;0.06400404;0;0.8987979;completados;Local;Alta;5.0;1.0;1.0
1208577;2024;Celta Vigo;Real Madrid;0.6787358;0.16247016;0.15879409;0;0.6787358;completados;Local;Alta;1.0;2.0;0.0
1208578;2024;Girona;Real Sociedad;0.60066664;0.20840919;0.19092417;0;0.60066664;completados;Local;Media;0.0;1.0;0.0
1208579;2024;Mallorca;Rayo Vallecano;0.5818775;0.19063853;0.22748394;0;0.5818775;completados;Local;Media;1.0;0.0;1.0
1208580;2024;Alaves;Valladolid;0.56797284;0.11488817;0.31713903;0;0.56797284;completados;Local;Media;2.0;3.0;0.0
1208581;2024;Osasuna;Real Betis;0.16736096;0.19791418;0.63472486;2;0.63472486;completados;Visitante;Media;1.0;2.0;1.0
1208582;2024;Villarreal;Getafe;0.515432;0.29969758;0.18487047;0;0.515432;completados;Local;Media;1.0;1.0;0.0
1208583;2024;Valencia;Las Palmas;0.49361843;0.21507278;0.29130873;0;0.49361843;completados;Local;Baja;2.0;3.0;0.0
1208584;2024;Getafe;Valencia;0.57911634;0.29874584;0.12213779;0;0.57911634;completados;Local;Media;1.0;1.0;0.0
1208585;2024;Mallorca;Athletic Club;0.35960004;0.51508117;0.1253188;1;0.51508117;completados;Empate;Media;0.0;0.0;1.0
1208586;2024;Real Betis;Atletico Madrid;0.32809603;0.3499761;0.32192782;1;0.3499761;completados;Empate;Baja;1.0;0.0;0.0
1208587;2024;Real Madrid;Barcelona;0.52229315;0.08012179;0.39758503;0;0.52229315;completados;Local;Media;0.0;4.0;0.0
1208588;2024;Leganes;Celta Vigo;0.3204144;0.15332893;0.5262567;2;0.5262567;completados;Visitante;Media;3.0;0.0;0.0
1208589;2024;Las Palmas;Girona;0.5516626;0.14422257;0.30411482;0;0.5516626;completados;Local;Media;1.0;0.0;1.0
1208590;2024;Real Sociedad;Osasuna;0.87051785;0.10717528;0.022306837;0;0.87051785;completados;Local;Alta;0.0;2.0;0.0
1208591;2024;Valladolid;Villarreal;0.23943532;0.4865441;0.27402064;1;0.4865441;completados;Empate;Baja;1.0;2.0;0.0
1208592;2024;Rayo Vallecano;Alaves;0.51512516;0.4060804;0.078794435;0;0.51512516;completados;Local;Media;1.0;0.0;1.0
1208593;2024;Athletic Club;Real Betis;0.33340403;0.46364376;0.20295227;1;0.46364376;completados;Empate;Baja;1.0;1.0;1.0
1208594;2024;Atletico Madrid;Las Palmas;0.7373938;0.122056074;0.14055014;0;0.7373938;completados;Local;Alta;2.0;0.0;1.0
1208595;2024;Celta Vigo;Getafe;0.47932744;0.3725416;0.14813098;0;0.47932744;completados;Local;Baja;1.0;0.0;1.0
1208596;2024;Girona;Leganes;0.8725975;0.072781295;0.054621223;0;0.8725975;completados;Local;Alta;4.0;3.0;1.0
1208597;2024;Osasuna;Valladolid;0.32336068;0.2550541;0.42158526;2;0.42158526;completados;Visitante;Baja;1.0;0.0;0.0
1208598;2024;Alaves;Mallorca;0.4749212;0.26882458;0.2562542;0;0.4749212;completados;Local;Baja;1.0;0.0;1.0
1208599;2024;Villarreal;Rayo Vallecano;0.6900606;0.17746367;0.13247575;0;0.6900606;completados;Local;Alta;1.0;1.0;0.0
1208600;2024;Valencia;Real Madrid;0.21134682;0.12209201;0.6665611;2;0.6665611;completados;Visitante;Alta;1.0;2.0;1.0
1208601;2024;Sevilla;Real Sociedad;0.4496525;0.17267206;0.37767547;0;0.4496525;completados;Local;Baja;0.0;2.0;0.0
1208602;2024;Real Betis;Celta Vigo;0.4275365;0.22229506;0.35016847;0;0.4275365;completados;Local;Baja;2.0;2.0;0.0
1208603;2024;Getafe;Girona;0.32730547;0.17648941;0.4962051;2;0.4962051;completados;Visitante;Baja;0.0;1.0;1.0
1208604;2024;Leganes;Sevilla;0.43059653;0.27906635;0.2903371;0;0.43059653;completados;Local;Baja;1.0;0.0;1.0
1208605;2024;Valladolid;Athletic Club;0.20119666;0.44328797;0.3555154;1;0.44328797;completados;Empate;Baja;1.0;1.0;1.0
1208606;2024;Mallorca;Atletico Madrid;0.2525909;0.20984659;0.5375625;2;0.5375625;completados;Visitante;Media;0.0;1.0;1.0
1208607;2024;Real Sociedad;Barcelona;0.12764297;0.08365117;0.7887058;2;0.7887058;completados;Visitante;Alta;1.0;0.0;0.0
1208608;2024;Real Madrid;Osasuna;0.48717615;0.4452846;0.0675392;0;0.48717615;completados;Local;Baja;4.0;0.0;1.0
1208609;2024;Rayo Vallecano;Las Palmas;0.24748306;0.28910655;0.46341035;2;0.46341035;completados;Visitante;Baja;1.0;3.0;1.0
1208610;2024;Villarreal;Alaves;0.5576776;0.31933773;0.1229847;0;0.5576776;completados;Local;Media;3.0;0.0;1.0
1208611;2024;Athletic Club;Real Sociedad;0.29861924;0.27742434;0.42395642;2;0.42395642;completados;Visitante;Baja;1.0;0.0;0.0
1208612;2024;Getafe;Valladolid;0.49660793;0.23404261;0.26934946;0;0.49660793;completados;Local;Baja;2.0;0.0;1.0
1208613;2024;Osasuna;Villarreal;0.30202466;0.21901095;0.4789644;2;0.4789644;completados;Visitante;Baja;2.0;2.0;0.0
1208614;2024;Las Palmas;Mallorca;0.38065997;0.2441002;0.3752398;0;0.38065997;completados;Local;Baja;2.0;3.0;0.0
1208615;2024;Leganes;Real Madrid;0.28783336;0.3430111;0.36915553;2;0.36915553;completados;Visitante;Baja;0.0;3.0;1.0
1208616;2024;Celta Vigo;Barcelona;0.38448024;0.15761758;0.4579022;2;0.4579022;completados;Visitante;Baja;2.0;2.0;0.0
1208617;2024;Valencia;Real Betis;0.19982733;0.33406618;0.46610644;2;0.46610644;completados;Visitante;Baja;4.0;2.0;0.0
1208618;2024;Sevilla;Rayo Vallecano;0.2867873;0.3492741;0.36393863;2;0.36393863;completados;Visitante;Baja;1.0;0.0;0.0
1208619;2024;Atletico Madrid;Alaves;0.661771;0.24427278;0.09395623;0;0.661771;completados;Local;Alta;2.0;1.0;1.0
1208620;2024;Barcelona;Las Palmas;0.8905603;0.060791273;0.04864845;0;0.8905603;completados;Local;Alta;1.0;2.0;0.0
1208621;2024;Mallorca;Valencia;0.5338202;0.28253788;0.18364191;0;0.5338202;completados;Local;Media;2.0;1.0;1.0
1208622;2024;Alaves;Leganes;0.56246316;0.27866146;0.15887536;0;0.56246316;completados;Local;Media;1.0;1.0;0.0
1208623;2024;Rayo Vallecano;Athletic Club;0.34491584;0.25325307;0.4018311;2;0.4018311;completados;Visitante;Baja;1.0;2.0;1.0
1208624;2024;Valladolid;Atletico Madrid;0.23415338;0.17092264;0.594924;2;0.594924;completados;Visitante;Media;0.0;5.0;1.0
1208625;2024;Real Sociedad;Real Betis;0.336723;0.3846637;0.27861333;1;0.3846637;completados;Empate;Baja;2.0;0.0;0.0
1208626;2024;Real Madrid;Getafe;0.89122444;0.07660078;0.03217481;0;0.89122444;completados;Local;Alta;2.0;0.0;1.0
1208627;2024;Villarreal;Girona;0.6139587;0.15575114;0.23029017;0;0.6139587;completados;Local;Media;2.0;2.0;0.0
1208628;2024;Sevilla;Osasuna;0.42060366;0.41468036;0.16471598;0;0.42060366;completados;Local;Baja;1.0;1.0;0.0
1208629;2024;Athletic Club;Villarreal;0.38998163;0.34417775;0.26584065;0;0.38998163;completados;Local;Baja;2.0;0.0;1.0
1208630;2024;Atletico Madrid;Sevilla;0.9353351;0.03125707;0.03340787;0;0.9353351;completados;Local;Alta;4.0;3.0;1.0
1208631;2024;Celta Vigo;Mallorca;0.8360845;0.07691384;0.08700165;0;0.8360845;completados;Local;Alta;2.0;0.0;1.0
1208632;2024;Girona;Real Madrid;0.21956146;0.22324225;0.5571963;2;0.5571963;completados;Visitante;Media;0.0;3.0;1.0
1208633;2024;Las Palmas;Valladolid;0.5533353;0.24502082;0.20164385;0;0.5533353;completados;Local;Media;2.0;1.0;1.0
1208634;2024;Leganes;Real Sociedad;0.3710292;0.2188928;0.410078;2;0.410078;completados;Visitante;Baja;0.0;3.0;1.0
1208635;2024;Real Betis;Barcelona;0.2145634;0.3811178;0.4043188;2;0.4043188;completados;Visitante;Baja;2.0;2.0;0.0
1208636;2024;Valencia;Rayo Vallecano;0.28609586;0.2743136;0.4395905;2;0.4395905;completados;Visitante;Baja;0.0;1.0;1.0
1208637;2024;Osasuna;Alaves;0.4389873;0.32734817;0.23366453;0;0.4389873;completados;Local;Baja;2.0;2.0;0.0
1208638;2024;Atletico Madrid;Getafe;0.9334876;0.040656373;0.025856031;0;0.9334876;completados;Local;Alta;1.0;0.0;1.0
1208639;2024;Barcelona;Leganes;0.7444701;0.15658069;0.09894917;0;0.7444701;completados;Local;Alta;0.0;1.0;0.0
1208640;2024;Rayo Vallecano;Real Madrid;0.24545832;0.24851961;0.5060221;2;0.5060221;completados;Visitante;Media;3.0;3.0;0.0
1208641;2024;Alaves;Athletic Club;0.56035644;0.19986866;0.23977485;0;0.56035644;completados;Local;Media;1.0;1.0;0.0
1208642;2024;Villarreal;Real Betis;0.24773626;0.390821;0.36144274;1;0.390821;completados;Empate;Baja;1.0;2.0;0.0
1208643;2024;Sevilla;Celta Vigo;0.25465342;0.21200798;0.5333386;2;0.5333386;completados;Visitante;Media;1.0;0.0;0.0
1208644;2024;Mallorca;Girona;0.47024044;0.17557679;0.35418275;0;0.47024044;completados;Local;Baja;2.0;1.0;1.0
1208645;2024;Valladolid;Valencia;0.402892;0.21900204;0.37810597;0;0.402892;completados;Local;Baja;1.0;0.0;1.0
1208646;2024;Real Sociedad;Las Palmas;0.45970196;0.3620827;0.17821541;0;0.45970196;completados;Local;Baja;0.0;0.0;0.0
1208647;2024;Real Betis;Rayo Vallecano;0.49831745;0.28073016;0.22095238;0;0.49831745;completados;Local;Baja;1.0;1.0;0.0
1208648;2024;Celta Vigo;Real Sociedad;0.70508057;0.16923396;0.12568544;0;0.70508057;completados;Local;Alta;2.0;0.0;1.0
1208649;2024;Getafe;Mallorca;0.3730998;0.22340116;0.403499;2;0.403499;completados;Visitante;Baja;0.0;1.0;1.0
1208650;2024;Girona;Valladolid;0.73847103;0.12384958;0.13767938;0;0.73847103;completados;Local;Alta;3.0;0.0;1.0
1208651;2024;Real Madrid;Sevilla;0.9026406;0.055178426;0.042181004;0;0.9026406;completados;Local;Alta;4.0;2.0;1.0
1208652;2024;Leganes;Villarreal;0.29338416;0.22105522;0.48556066;2;0.48556066;completados;Visitante;Baja;2.0;5.0;1.0
1208653;2024;Osasuna;Athletic Club;0.33001366;0.24023144;0.42975488;2;0.42975488;completados;Visitante;Baja;1.0;2.0;1.0
1208654;2024;Barcelona;Atletico Madrid;0.3088611;0.34685993;0.34427893;1;0.34685993;completados;Empate;Baja;1.0;2.0;0.0
1208655;2024;Valencia;Alaves;0.56802464;0.20967925;0.22229616;0;0.56802464;completados;Local;Media;2.0;2.0;0.0
1208656;2024;Athletic Club;Real Madrid;0.10439581;0.24210459;0.6534996;2;0.6534996;completados;Visitante;Alta;2.0;1.0;0.0
1208657;2024;Atletico Madrid;Osasuna;0.9487225;0.032467376;0.01881016;0;0.9487225;completados;Local;Alta;1.0;0.0;1.0
1208658;2024;Real Sociedad;Villarreal;0.42225394;0.26309025;0.3146558;0;0.42225394;completados;Local;Baja;1.0;0.0;1.0
1208659;2024;Sevilla;Valencia;0.28661326;0.3395127;0.37387404;2;0.37387404;completados;Visitante;Baja;1.0;1.0;0.0
1208660;2024;Alaves;Girona;0.28734833;0.1638566;0.5487951;2;0.5487951;completados;Visitante;Media;0.0;1.0;1.0
1208661;2024;Mallorca;Barcelona;0.09266698;0.4855687;0.42176437;1;0.4855687;completados;Empate;Baja;1.0;5.0;0.0
1208662;2024;Valladolid;Real Betis;0.15319616;0.37571245;0.47109136;2;0.47109136;completados;Visitante;Baja;1.0;0.0;0.0
1208663;2024;Rayo Vallecano;Celta Vigo;0.33058044;0.22020124;0.4492183;2;0.4492183;completados;Visitante;Baja;2.0;1.0;0.0
1208664;2024;Las Palmas;Getafe;0.53945524;0.24600308;0.21454172;0;0.53945524;completados;Local;Media;1.0;2.0;0.0
1208665;2024;Girona;Sevilla;0.4780563;0.24971284;0.2722309;0;0.4780563;completados;Local;Baja;1.0;2.0;0.0
1208666;2024;Osasuna;Rayo Vallecano;0.56292516;0.24205118;0.19502367;0;0.56292516;completados;Local;Media;1.0;1.0;0.0
1208667;2024;Celta Vigo;Athletic Club;0.62942463;0.21108332;0.15949206;0;0.62942463;completados;Local;Media;1.0;2.0;0.0
1208668;2024;Leganes;Atletico Madrid;0.092209585;0.40171662;0.50607383;2;0.50607383;completados;Visitante;Media;1.0;0.0;0.0
1208669;2024;Getafe;Barcelona;0.09111327;0.32378453;0.58510214;2;0.58510214;completados;Visitante;Media;1.0;1.0;0.0
1208670;2024;Villarreal;Mallorca;0.71749604;0.17464064;0.10786331;0;0.71749604;completados;Local;Alta;4.0;0.0;1.0
1208671;2024;Valencia;Real Sociedad;0.660377;0.18893445;0.15068853;0;0.660377;completados;Local;Alta;1.0;0.0;1.0
1208672;2024;Real Madrid;Las Palmas;0.91248286;0.066532336;0.020984802;0;0.91248286;completados;Local;Alta;4.0;1.0;1.0
1208673;2024;Real Betis;Alaves;0.3982293;0.4682679;0.1335028;1;0.4682679;completados;Empate;Baja;1.0;3.0;0.0
1208674;2024;Athletic Club;Leganes;0.6481579;0.2400063;0.111835815;0;0.6481579;completados;Local;Media;0.0;0.0;0.0
1208675;2024;Atletico Madrid;Villarreal;0.47678652;0.24954632;0.27366716;0;0.47678652;completados;Local;Baja;1.0;1.0;0.0
1208676;2024;Barcelona;Valencia;0.8862823;0.05176553;0.061952204;0;0.8862823;completados;Local;Alta;7.0;1.0;1.0
1208677;2024;Las Palmas;Osasuna;0.38972893;0.33120087;0.2790702;0;0.38972893;completados;Local;Baja;1.0;1.0;0.0
1208678;2024;Alaves;Celta Vigo;0.24642444;0.2927737;0.46080187;2;0.46080187;completados;Visitante;Baja;1.0;1.0;0.0
1208679;2024;Mallorca;Real Betis;0.32638624;0.31128103;0.3623327;2;0.3623327;completados;Visitante;Baja;0.0;1.0;1.0
1208680;2024;Real Sociedad;Getafe;0.474149;0.4209787;0.1048723;0;0.474149;completados;Local;Baja;0.0;3.0;0.0
1208681;2024;Rayo Vallecano;Girona;0.3030338;0.15689479;0.54007137;2;0.54007137;completados;Visitante;Media;2.0;1.0;0.0
1208682;2024;Valladolid;Real Madrid;0.184574;0.34104863;0.4743774;2;0.4743774;completados;Visitante;Baja;0.0;3.0;1.0
1208683;2024;Atletico Madrid;Mallorca;0.9228794;0.050095394;0.027025212;0;0.9228794;completados;Local;Alta;2.0;0.0;1.0
1208684;2024;Getafe;Sevilla;0.48344108;0.21295689;0.30360198;0;0.48344108;completados;Local;Baja;0.0;0.0;0.0
1208685;2024;Girona;Las Palmas;0.65259117;0.18870875;0.15870005;0;0.65259117;completados;Local;Alta;2.0;1.0;1.0
1208686;2024;Osasuna;Real Sociedad;0.6531456;0.17889877;0.16795558;0;0.6531456;completados;Local;Alta;2.0;1.0;1.0
1208687;2024;Villarreal;Valladolid;0.7554943;0.17170238;0.07280338;0;0.7554943;completados;Local;Alta;5.0;1.0;1.0
1208688;2024;Leganes;Rayo Vallecano;0.53920287;0.19395553;0.26684156;0;0.53920287;completados;Local;Media;0.0;1.0;0.0
1208689;2024;Real Betis;Athletic Club;0.19315897;0.24681252;0.56002855;2;0.56002855;completados;Visitante;Media;2.0;2.0;0.0
1208690;2024;Valencia;Celta Vigo;0.4662776;0.24030963;0.29341277;0;0.4662776;completados;Local;Baja;2.0;1.0;1.0
1208691;2024;Barcelona;Alaves;0.95403844;0.026420716;0.019540885;0;0.95403844;completados;Local;Alta;1.0;0.0;1.0
1208692;2024;Athletic Club;Girona;0.45953956;0.14379409;0.39666638;0;0.45953956;completados;Local;Baja;3.0;0.0;1.0
1208693;2024;Mallorca;Osasuna;0.35238907;0.31887716;0.32873377;0;0.35238907;completados;Local;Baja;1.0;1.0;0.0
1208694;2024;Rayo Vallecano;Valladolid;0.6869618;0.19826378;0.11477433;0;0.6869618;completados;Local;Alta;1.0;0.0;1.0
1208695;2024;Las Palmas;Villarreal;0.21782292;0.56862473;0.21355233;1;0.56862473;completados;Empate;Media;1.0;2.0;0.0
1208696;2024;Alaves;Getafe;0.49135914;0.34554058;0.16310027;0;0.49135914;completados;Local;Baja;0.0;1.0;0.0
1208697;2024;Real Madrid;Atletico Madrid;0.5959393;0.20162232;0.20243837;0;0.5959393;completados;Local;Media;1.0;1.0;0.0
1208698;2024;Sevilla;Barcelona;0.32984638;0.32420474;0.3459489;2;0.3459489;completados;Visitante;Baja;1.0;4.0;1.0
1208699;2024;Celta Vigo;Real Betis;0.5095702;0.19631712;0.29411265;0;0.5095702;completados;Local;Media;3.0;2.0;1.0
1208700;2024;Valencia;Leganes;0.47032887;0.39688334;0.13278776;0;0.47032887;completados;Local;Baja;2.0;0.0;1.0
1208701;2024;Atletico Madrid;Celta Vigo;0.83722585;0.099998444;0.062775634;0;0.83722585;completados;Local;Alta;1.0;1.0;0.0
1208702;2024;Barcelona;Rayo Vallecano;0.61712503;0.12406545;0.25880954;0;0.61712503;completados;Local;Media;1.0;0.0;1.0
1208703;2024;Real Betis;Real Sociedad;0.5073757;0.3249492;0.16767506;0;0.5073757;completados;Local;Media;3.0;0.0;1.0
1208704;2024;Osasuna;Real Madrid;0.2002671;0.31738693;0.48234597;2;0.48234597;completados;Visitante;Baja;1.0;1.0;0.0
1208705;2024;Girona;Getafe;0.6741161;0.1246912;0.20119275;0;0.6741161;completados;Local;Alta;1.0;2.0;0.0
1208706;2024;Valladolid;Sevilla;0.3270887;0.35202053;0.32089075;1;0.35202053;completados;Empate;Baja;0.0;4.0;0.0
1208707;2024;Villarreal;Valencia;0.8262095;0.1204353;0.053355236;0;0.8262095;completados;Local;Alta;1.0;1.0;0.0
1208708;2024;Mallorca;Las Palmas;0.48429838;0.23080595;0.28489563;0;0.48429838;completados;Local;Baja;3.0;1.0;1.0
1208709;2024;Leganes;Alaves;0.5420513;0.30522367;0.15272507;0;0.5420513;completados;Local;Media;3.0;3.0;0.0
1208710;2024;Athletic Club;Valladolid;0.5693999;0.2035444;0.22705565;0;0.5693999;completados;Local;Media;7.0;1.0;1.0
1208711;2024;Celta Vigo;Osasuna;0.39790064;0.2610419;0.34105742;0;0.39790064;completados;Local;Baja;1.0;0.0;1.0
1208712;2024;Rayo Vallecano;Villarreal;0.5806956;0.2324123;0.18689209;0;0.5806956;completados;Local;Media;0.0;1.0;0.0
1208713;2024;Valencia;Atletico Madrid;0.27327362;0.24653994;0.48018646;2;0.48018646;completados;Visitante;Baja;0.0;3.0;1.0
1208714;2024;Las Palmas;Barcelona;0.4468766;0.22410046;0.32902294;0;0.4468766;completados;Local;Baja;0.0;2.0;0.0
1208715;2024;Getafe;Real Betis;0.32529762;0.33121693;0.34348541;2;0.34348541;completados;Visitante;Baja;1.0;2.0;1.0
1208716;2024;Real Madrid;Girona;0.9439004;0.035437606;0.02066195;0;0.9439004;completados;Local;Alta;2.0;0.0;1.0
1208717;2024;Sevilla;Mallorca;0.6108955;0.1636264;0.22547813;0;0.6108955;completados;Local;Media;1.0;1.0;0.0
1208718;2024;Real Sociedad;Leganes;0.5230045;0.20044066;0.2765549;0;0.5230045;completados;Local;Media;3.0;0.0;1.0
1208719;2024;Barcelona;Real Sociedad;0.9482684;0.019227128;0.032504465;0;0.9482684;completados;Local;Alta;4.0;0.0;1.0
1208720;2024;Real Betis;Real Madrid;0.34589088;0.24072362;0.41338554;2;0.41338554;completados;Visitante;Baja;2.0;1.0;0.0
1208721;2024;Osasuna;Valencia;0.4439779;0.2711111;0.28491104;0;0.4439779;completados;Local;Baja;3.0;3.0;0.0
1208722;2024;Rayo Vallecano;Sevilla;0.6392991;0.1626162;0.19808467;0;0.6392991;completados;Local;Media;1.0;1.0;0.0
1208723;2024;Atletico Madrid;Athletic Club;0.32318857;0.30618313;0.3706283;2;0.3706283;completados;Visitante;Baja;1.0;0.0;0.0
1208724;2024;Girona;Celta Vigo;0.42659956;0.20740737;0.36599302;0;0.42659956;completados;Local;Baja;2.0;2.0;0.0
1208725;2024;Leganes;Getafe;0.47192577;0.29704818;0.23102605;0;0.47192577;completados;Local;Baja;1.0;0.0;1.0
1208726;2024;Valladolid;Las Palmas;0.38437575;0.2225527;0.39307153;2;0.39307153;completados;Visitante;Baja;1.0;1.0;0.0
1208727;2024;Mallorca;Alaves;0.42703575;0.28874236;0.2842219;0;0.42703575;completados;Local;Baja;1.0;1.0;0.0
1208728;2024;Athletic Club;Mallorca;0.7380682;0.18793723;0.07399457;0;0.7380682;completados;Local;Alta;1.0;1.0;0.0
1208729;2024;Barcelona;Osasuna;0.8873952;0.03574378;0.07686105;0;0.8873952;completados;Local;Alta;3.0;0.0;1.0
1208730;2024;Real Betis;Las Palmas;0.6448186;0.24147213;0.11370926;0;0.6448186;completados;Local;Media;1.0;0.0;1.0
1208731;2024;Celta Vigo;Leganes;0.84877884;0.09680893;0.054412212;0;0.84877884;completados;Local;Alta;2.0;1.0;1.0
1208732;2024;Real Sociedad;Sevilla;0.327076;0.338532;0.33439198;1;0.338532;completados;Empate;Baja;0.0;1.0;0.0
1208733;2024;Valencia;Valladolid;0.47638965;0.27830067;0.24530965;0;0.47638965;completados;Local;Baja;2.0;1.0;1.0
1208734;2024;Alaves;Villarreal;0.37175524;0.3241112;0.30413356;0;0.37175524;completados;Local;Baja;1.0;0.0;1.0
1208735;2024;Getafe;Atletico Madrid;0.28537887;0.19234668;0.5222745;2;0.5222745;completados;Visitante;Media;2.0;1.0;0.0
1208736;2024;Real Madrid;Rayo Vallecano;0.63125527;0.18746623;0.18127848;0;0.63125527;completados;Local;Media;2.0;1.0;1.0
1208737;2024;Atletico Madrid;Barcelona;0.27793762;0.35448936;0.367573;2;0.367573;completados;Visitante;Baja;2.0;4.0;1.0
1208738;2024;Girona;Valencia;0.35988107;0.19027711;0.44984177;2;0.44984177;completados;Visitante;Baja;1.0;1.0;0.0
1208739;2024;Rayo Vallecano;Real Sociedad;0.754126;0.11718297;0.12869106;0;0.754126;completados;Local;Alta;2.0;2.0;0.0
1208740;2024;Sevilla;Athletic Club;0.29744318;0.4327096;0.2698472;1;0.4327096;completados;Empate;Baja;0.0;1.0;0.0
1208741;2024;Leganes;Real Betis;0.29057422;0.24328502;0.46614072;2;0.46614072;completados;Visitante;Baja;2.0;3.0;1.0
1208742;2024;Valladolid;Celta Vigo;0.3123474;0.31369773;0.37395486;2;0.37395486;completados;Visitante;Baja;0.0;1.0;1.0
1208743;2024;Osasuna;Getafe;0.495698;0.24221002;0.262092;0;0.495698;completados;Local;Baja;1.0;2.0;0.0
1208744;2024;Villarreal;Real Madrid;0.3289035;0.29384425;0.37725225;2;0.37725225;completados;Visitante;Baja;1.0;2.0;1.0
1208745;2024;Las Palmas;Alaves;0.49952897;0.23679478;0.2636762;0;0.49952897;completados;Local;Baja;2.0;2.0;0.0
1208746;2024;Athletic Club;Osasuna;0.58419794;0.16547184;0.25033027;0;0.58419794;completados;Local;Media;0.0;0.0;0.0
1208747;2024;Barcelona;Girona;0.8688289;0.0774231;0.053748023;0;0.8688289;completados;Local;Alta;4.0;1.0;1.0
1208748;2024;Real Betis;Sevilla;0.8203195;0.06491653;0.114764035;0;0.8203195;completados;Local;Alta;2.0;1.0;1.0
1208749;2024;Celta Vigo;Las Palmas;0.8958005;0.058720134;0.0454794;0;0.8958005;completados;Local;Alta;1.0;1.0;0.0
1208750;2024;Getafe;Villarreal;0.17841712;0.28856185;0.53302103;2;0.53302103;completados;Visitante;Media;1.0;2.0;1.0
1208751;2024;Real Sociedad;Valladolid;0.3599974;0.24202979;0.39797282;2;0.39797282;completados;Visitante;Baja;2.0;1.0;0.0
1208752;2024;Alaves;Rayo Vallecano;0.34232157;0.35857034;0.2991081;1;0.35857034;completados;Empate;Baja;0.0;2.0;0.0
1208753;2024;Valencia;Mallorca;0.7645523;0.16082034;0.0746274;0;0.7645523;completados;Local;Alta;1.0;0.0;1.0
1208754;2024;Real Madrid;Leganes;0.8724718;0.08329977;0.044228412;0;0.8724718;completados;Local;Alta;3.0;2.0;1.0
1208755;2024;Barcelona;Real Betis;0.67959887;0.09691877;0.22348236;0;0.67959887;completados;Local;Alta;1.0;1.0;0.0
1208756;2024;Real Madrid;Valencia;0.8884558;0.06268602;0.048858173;0;0.8884558;completados;Local;Alta;1.0;2.0;0.0
1208757;2024;Las Palmas;Real Sociedad;0.2769628;0.548528;0.17450921;1;0.548528;completados;Empate;Media;1.0;3.0;0.0
1208758;2024;Leganes;Osasuna;0.48908904;0.16921112;0.3416998;0;0.48908904;completados;Local;Baja;1.0;1.0;0.0
1208759;2024;Villarreal;Athletic Club;0.37989423;0.2860575;0.3340483;0;0.37989423;completados;Local;Baja;0.0;0.0;0.0
1208760;2024;Sevilla;Atletico Madrid;0.40435785;0.22061674;0.37502542;0;0.40435785;completados;Local;Baja;1.0;2.0;0.0
1208761;2024;Mallorca;Celta Vigo;0.26728016;0.2101124;0.5226075;2;0.5226075;completados;Visitante;Media;1.0;2.0;1.0
1208762;2024;Valladolid;Getafe;0.44175503;0.32814005;0.23010495;0;0.44175503;completados;Local;Baja;0.0;4.0;0.0
1208763;2024;Girona;Alaves;0.39320475;0.427697;0.17909828;1;0.427697;completados;Empate;Baja;0.0;1.0;0.0
1208764;2024;Athletic Club;Rayo Vallecano;0.3687044;0.28248298;0.3488126;0;0.3687044;completados;Local;Baja;3.0;1.0;1.0
1208765;2024;Atletico Madrid;Valladolid;0.53868407;0.13269484;0.32862112;0;0.53868407;completados;Local;Media;4.0;2.0;1.0
1208766;2024;Real Betis;Villarreal;0.48187205;0.31494728;0.20318061;0;0.48187205;completados;Local;Baja;1.0;2.0;0.0
1208767;2024;Getafe;Las Palmas;0.45380977;0.38482478;0.16136542;0;0.45380977;completados;Local;Baja;1.0;3.0;0.0
1208768;2024;Alaves;Real Madrid;0.10349505;0.27767655;0.61882836;2;0.61882836;completados;Visitante;Media;0.0;1.0;1.0
1208769;2024;Leganes;Barcelona;0.17715192;0.18224436;0.6406037;2;0.6406037;completados;Visitante;Media;0.0;1.0;1.0
1208770;2024;Osasuna;Girona;0.34794757;0.2648621;0.38719037;2;0.38719037;completados;Visitante;Baja;2.0;1.0;0.0
1208771;2024;Real Sociedad;Mallorca;0.6107402;0.18409748;0.20516236;0;0.6107402;completados;Local;Media;0.0;2.0;0.0
1208772;2024;Valencia;Sevilla;0.38503626;0.30168056;0.31328315;0;0.38503626;completados;Local;Baja;1.0;0.0;1.0
1208773;2024;Barcelona;Celta Vigo;0.7575264;0.09097992;0.15149367;0;0.7575264;completados;Local;Alta;4.0;3.0;1.0
1208774;2024;Rayo Vallecano;Valencia;0.34318617;0.31642252;0.3403913;0;0.34318617;completados;Local;Baja;1.0;1.0;0.0
1208775;2024;Real Madrid;Athletic Club;0.93545777;0.029014712;0.03552758;0;0.93545777;completados;Local;Alta;1.0;0.0;1.0
1208776;2024;Las Palmas;Atletico Madrid;0.34490877;0.17810616;0.47698504;2;0.47698504;completados;Visitante;Baja;1.0;0.0;0.0
1208777;2024;Girona;Real Betis;0.4334125;0.20995368;0.3566338;0;0.4334125;completados;Local;Baja;1.0;3.0;0.0
1208778;2024;Valladolid;Osasuna;0.593365;0.21042481;0.19621019;0;0.593365;completados;Local;Media;2.0;3.0;0.0
1208779;2024;Villarreal;Real Sociedad;0.6673322;0.17735383;0.155314;0;0.6673322;completados;Local;Alta;2.0;2.0;0.0
1208780;2024;Sevilla;Alaves;0.5619067;0.26251876;0.17557457;0;0.5619067;completados;Local;Media;1.0;1.0;0.0
1208781;2024;Mallorca;Leganes;0.37837344;0.34010246;0.2815241;0;0.37837344;completados;Local;Baja;0.0;0.0;0.0
1208782;2024;Athletic Club;Las Palmas;0.48524097;0.18278007;0.331979;0;0.48524097;completados;Local;Baja;1.0;0.0;1.0
1208783;2024;Atletico Madrid;Rayo Vallecano;0.8204153;0.09238573;0.08719893;0;0.8204153;completados;Local;Alta;3.0;0.0;1.0
1208784;2024;Barcelona;Mallorca;0.9144312;0.046605743;0.038962986;0;0.9144312;completados;Local;Alta;1.0;0.0;1.0
1208785;2024;Real Betis;Valladolid;0.5760401;0.17013443;0.25382546;0;0.5760401;completados;Local;Media;5.0;1.0;1.0
1208786;2024;Celta Vigo;Villarreal;0.66842604;0.18857442;0.14299956;0;0.66842604;completados;Local;Alta;3.0;0.0;1.0
1208787;2024;Getafe;Real Madrid;0.046056237;0.25565428;0.69828945;2;0.69828945;completados;Visitante;Alta;0.0;1.0;1.0
1208788;2024;Osasuna;Sevilla;0.40134445;0.2784815;0.320174;0;0.40134445;completados;Local;Baja;1.0;0.0;1.0
1208789;2024;Alaves;Real Sociedad;0.33722305;0.4213768;0.24140015;1;0.4213768;completados;Empate;Baja;1.0;0.0;0.0
1208790;2024;Leganes;Girona;0.3448731;0.25537097;0.39975587;2;0.39975587;completados;Visitante;Baja;1.0;1.0;0.0
1208791;2024;Girona;Mallorca;0.8608732;0.09202425;0.047102552;0;0.8608732;completados;Local;Alta;1.0;0.0;1.0
1208792;2024;Las Palmas;Valencia;0.5254645;0.28232512;0.19221039;0;0.5254645;completados;Local;Media;2.0;3.0;0.0
1208793;2024;Alaves;Atletico Madrid;0.19531819;0.26767078;0.537011;2;0.537011;completados;Visitante;Media;0.0;0.0;0.0
1208794;2024;Real Sociedad;Athletic Club;0.3999324;0.28810138;0.31196615;0;0.3999324;completados;Local;Baja;0.0;0.0;0.0
1208795;2024;Valladolid;Barcelona;0.20584792;0.3924773;0.40167478;2;0.40167478;completados;Visitante;Baja;1.0;2.0;1.0
1208796;2024;Real Madrid;Celta Vigo;0.4509425;0.31615588;0.23290166;0;0.4509425;completados;Local;Baja;3.0;2.0;1.0
1208797;2024;Rayo Vallecano;Getafe;0.30655497;0.45255527;0.2408898;1;0.45255527;completados;Empate;Baja;1.0;0.0;0.0
1208798;2024;Villarreal;Osasuna;0.48855868;0.34782726;0.16361411;0;0.48855868;completados;Local;Baja;4.0;2.0;1.0
1208799;2024;Sevilla;Leganes;0.5139154;0.2960871;0.18999748;0;0.5139154;completados;Local;Media;2.0;2.0;0.0
1208800;2024;Atletico Madrid;Real Sociedad;0.7905582;0.11386709;0.095574684;0;0.7905582;completados;Local;Alta;4.0;0.0;1.0
1208801;2024;Barcelona;Real Madrid;0.34841946;0.23452474;0.41705582;2;0.41705582;completados;Visitante;Baja;4.0;3.0;0.0
1208802;2024;Real Betis;Osasuna;0.52853197;0.17400783;0.2974602;0;0.52853197;completados;Local;Media;1.0;1.0;0.0
1208803;2024;Celta Vigo;Sevilla;0.7571425;0.18614638;0.056711163;0;0.7571425;completados;Local;Alta;3.0;2.0;1.0
1208804;2024;Girona;Villarreal;0.52575415;0.31154123;0.16270465;0;0.52575415;completados;Local;Media;0.0;1.0;0.0
1208805;2024;Mallorca;Valladolid;0.43801165;0.24927442;0.31271398;0;0.43801165;completados;Local;Baja;2.0;1.0;1.0
1208806;2024;Las Palmas;Rayo Vallecano;0.591056;0.22010861;0.18883535;0;0.591056;completados;Local;Media;0.0;1.0;0.0
1208807;2024;Valencia;Getafe;0.14921425;0.63521796;0.21556774;1;0.63521796;completados;Empate;Media;3.0;0.0;0.0
1208808;2024;Athletic Club;Alaves;0.54557097;0.25701353;0.19741549;0;0.54557097;completados;Local;Media;1.0;0.0;1.0
1208809;2024;Alaves;Valencia;0.3670967;0.3615965;0.2713068;0;0.3670967;completados;Local;Baja;1.0;0.0;1.0
1208810;2024;Getafe;Athletic Club;0.5365846;0.25945792;0.20395744;0;0.5365846;completados;Local;Media;0.0;2.0;0.0
1208811;2024;Osasuna;Atletico Madrid;0.54548883;0.16620746;0.2883037;0;0.54548883;completados;Local;Media;2.0;0.0;1.0
1208812;2024;Rayo Vallecano;Real Betis;0.24769822;0.45016727;0.30213445;1;0.45016727;completados;Empate;Baja;2.0;2.0;1.0
1208813;2024;Real Sociedad;Celta Vigo;0.30018044;0.27847457;0.421345;2;0.421345;completados;Visitante;Baja;0.0;1.0;1.0
1208814;2024;Valladolid;Girona;0.27785787;0.40892267;0.31321946;1;0.40892267;completados;Empate;Baja;0.0;1.0;0.0
1208815;2024;Real Madrid;Mallorca;0.8174183;0.15414998;0.028431777;0;0.8174183;completados;Local;Alta;2.0;1.0;1.0
1208816;2024;Sevilla;Las Palmas;0.74001265;0.13389644;0.12609091;0;0.74001265;completados;Local;Alta;1.0;0.0;1.0
1208817;2024;Villarreal;Leganes;0.6221696;0.22469188;0.1531385;0;0.6221696;completados;Local;Media;3.0;0.0;1.0
1208818;2024;Atletico Madrid;Real Betis;0.5975027;0.23242462;0.17007267;0;0.5975027;completados;Local;Media;4.0;1.0;1.0
1208819;2024;Barcelona;Villarreal;0.89443034;0.044082813;0.06148682;0;0.89443034;completados;Local;Alta;2.0;3.0;0.0
1208820;2024;Celta Vigo;Rayo Vallecano;0.69283134;0.19615489;0.1110138;0;0.69283134;completados;Local;Alta;1.0;2.0;0.0
1208821;2024;Valencia;Athletic Club;0.6507748;0.16027123;0.18895398;0;0.6507748;completados;Local;Alta;0.0;1.0;0.0
1208822;2024;Mallorca;Getafe;0.3378885;0.35489017;0.3072213;1;0.35489017;completados;Empate;Baja;1.0;2.0;0.0
1208823;2024;Real Sociedad;Girona;0.52153873;0.15239438;0.32606688;0;0.52153873;completados;Local;Media;3.0;2.0;1.0
1208824;2024;Sevilla;Real Madrid;0.15259328;0.16309811;0.6843086;2;0.6843086;completados;Visitante;Alta;0.0;2.0;1.0
1208825;2024;Valladolid;Alaves;0.3122506;0.37028614;0.31746325;1;0.37028614;completados;Empate;Baja;0.0;1.0;0.0
1208826;2024;Las Palmas;Leganes;0.53583574;0.24086618;0.22329812;0;0.53583574;completados;Local;Media;0.0;1.0;0.0
1208827;2024;Athletic Club;Barcelona;0.3643269;0.17049682;0.4651763;2;0.4651763;completados;Visitante;Baja;0.0;3.0;1.0
1208828;2024;Real Betis;Valencia;0.7623789;0.13209075;0.105530374;0;0.7623789;completados;Local;Alta;1.0;1.0;0.0
1208829;2024;Real Madrid;Real Sociedad;0.86626285;0.08102175;0.052715383;0;0.86626285;completados;Local;Alta;2.0;0.0;1.0
1208830;2024;Alaves;Osasuna;0.23995163;0.3519561;0.4080922;2;0.4080922;completados;Visitante;Baja;1.0;1.0;0.0
1208831;2024;Leganes;Valladolid;0.42296487;0.3564911;0.22054401;0;0.42296487;completados;Local;Baja;3.0;0.0;1.0
1208832;2024;Girona;Atletico Madrid;0.5441601;0.18823846;0.2676014;0;0.5441601;completados;Local;Media;0.0;4.0;0.0
1208833;2024;Getafe;Celta Vigo;0.08910155;0.21696752;0.6939309;2;0.6939309;completados;Visitante;Alta;1.0;2.0;1.0
1208834;2024;Rayo Vallecano;Mallorca;0.43199685;0.35221574;0.21578744;0;0.43199685;completados;Local;Baja;0.0;0.0;0.0
1208835;2024;Villarreal;Sevilla;0.31003675;0.59995615;0.090007134;1;0.59995615;completados;Empate;Media;4.0;2.0;0.0
1212910;2024;Valladolid;Espanyol;0.20508692;0.6134205;0.18149258;1;0.6134205;completados;Empate;Media;1.0;0.0;0.0
1212911;2024;Espanyol;Real Sociedad;0.28662404;0.3386495;0.3747264;2;0.3747264;completados;Visitante;Baja;0.0;1.0;1.0
1212912;2024;Atletico Madrid;Espanyol;0.6077799;0.3062954;0.085924715;0;0.6077799;completados;Local;Media;0.0;0.0;0.0
1212913;2024;Espanyol;Rayo Vallecano;0.3220075;0.34009284;0.33789966;1;0.34009284;completados;Empate;Baja;2.0;1.0;0.0
1212914;2024;Espanyol;Alaves;0.5663188;0.28991833;0.14376284;0;0.5663188;completados;Local;Media;3.0;2.0;1.0
1212915;2024;Real Madrid;Espanyol;0.9654125;0.026976785;0.0076106885;0;0.9654125;completados;Local;Alta;4.0;1.0;1.0
1212916;2024;Espanyol;Villarreal;0.2848186;0.53801787;0.17716356;1;0.53801787;completados;Empate;Media;1.0;2.0;0.0
1212917;2024;Real Betis;Espanyol;0.7774185;0.113309376;0.10927212;0;0.7774185;completados;Local;Alta;1.0;0.0;1.0
1212918;2024;Espanyol;Mallorca;0.5233099;0.26018423;0.21650587;0;0.5233099;completados;Local;Media;2.0;1.0;1.0
1212919;2024;Athletic Club;Espanyol;0.51157737;0.28174278;0.20667987;0;0.51157737;completados;Local;Media;4.0;1.0;1.0
1212920;2024;Espanyol;Sevilla;0.16729037;0.5597455;0.27296412;1;0.5597455;completados;Empate;Media;0.0;2.0;0.0
1212921;2024;Barcelona;Espanyol;0.9425222;0.03865329;0.018824494;0;0.9425222;completados;Local;Alta;3.0;1.0;1.0
1212922;2024;Espanyol;Valencia;0.29558077;0.2654924;0.4389268;2;0.4389268;completados;Visitante;Baja;1.0;1.0;0.0
1212923;2024;Girona;Espanyol;0.5859302;0.28510824;0.12896155;0;0.5859302;completados;Local;Media;4.0;1.0;1.0
1212924;2024;Espanyol;Celta Vigo;0.15705596;0.19240703;0.650537;2;0.650537;completados;Visitante;Alta;3.0;1.0;0.0
1212925;2024;Getafe;Espanyol;0.46949163;0.2618408;0.2686676;0;0.46949163;completados;Local;Baja;1.0;0.0;1.0
1212926;2024;Espanyol;Osasuna;0.30377474;0.18923056;0.5069947;2;0.5069947;completados;Visitante;Media;0.0;0.0;0.0
1212927;2024;Las Palmas;Espanyol;0.5398533;0.21807303;0.24207368;0;0.5398533;completados;Local;Media;1.0;0.0;1.0
1212928;2024;Espanyol;Leganes;0.46888852;0.3293624;0.20174909;0;0.46888852;completados;Local;Baja;1.0;1.0;0.0
1212929;2024;Espanyol;Valladolid;0.57381916;0.2548578;0.171323;0;0.57381916;completados;Local;Media;2.0;1.0;1.0
1212930;2024;Sevilla;Espanyol;0.5145401;0.29926327;0.18619667;0;0.5145401;completados;Local;Media;1.0;1.0;0.0
1212931;2024;Espanyol;Real Madrid;0.09776403;0.25571492;0.64652103;2;0.64652103;completados;Visitante;Media;1.0;0.0;0.0
1212932;2024;Real Sociedad;Espanyol;0.72847474;0.16194384;0.10958139;0;0.72847474;completados;Local;Alta;2.0;1.0;1.0
1212933;2024;Espanyol;Athletic Club;0.36321583;0.22436975;0.4124144;2;0.4124144;completados;Visitante;Baja;1.0;1.0;0.0
1212934;2024;Alaves;Espanyol;0.6395003;0.2837819;0.076717794;0;0.6395003;completados;Local;Media;0.0;1.0;0.0
1212935;2024;Villarreal;Espanyol;0.7502443;0.13186467;0.11789099;0;0.7502443;completados;Local;Alta;1.0;0.0;1.0
1212936;2024;Espanyol;Girona;0.3318701;0.1546421;0.51348776;2;0.51348776;completados;Visitante;Media;1.0;1.0;0.0
1212937;2024;Mallorca;Espanyol;0.5624776;0.24770093;0.1898215;0;0.5624776;completados;Local;Media;2.0;1.0;1.0
1212938;2024;Espanyol;Atletico Madrid;0.14287978;0.3518123;0.5053079;2;0.5053079;completados;Visitante;Media;1.0;1.0;0.0
1212939;2024;Rayo Vallecano;Espanyol;0.6088584;0.28860086;0.10254074;0;0.6088584;completados;Local;Media;0.0;4.0;0.0
1212940;2024;Celta Vigo;Espanyol;0.8751871;0.067984015;0.056828905;0;0.8751871;completados;Local;Alta;0.0;2.0;0.0
1212941;2024;Espanyol;Getafe;0.47268295;0.27636626;0.25095078;0;0.47268295;completados;Local;Baja;1.0;0.0;1.0
1212942;2024;Valencia;Espanyol;0.78440356;0.1265684;0.08902802;0;0.78440356;completados;Local;Alta;1.0;1.0;0.0
1212943;2024;Espanyol;Real Betis;0.19934581;0.28627795;0.5143762;2;0.5143762;completados;Visitante;Media;1.0;2.0;1.0
1212944;2024;Leganes;Espanyol;0.65858054;0.2684887;0.07293073;0;0.65858054;completados;Local;Alta;3.0;2.0;1.0
1212945;2024;Espanyol;Barcelona;0.11926703;0.14139925;0.7393337;2;0.7393337;completados;Visitante;Alta;0.0;2.0;1.0
1212946;2024;Osasuna;Espanyol;0.5779628;0.26140147;0.16063567;0;0.5779628;completados;Local;Media;2.0;0.0;1.0
1212947;2024;Espanyol;Las Palmas;0.2942993;0.29860967;0.40709102;2;0.40709102;completados;Visitante;Baja;2.0;0.0;0.0
1390819;2025;Alaves;Levante;0.47514924;0.2586298;0.2662209;0;0.47514924;completados;Local;Baja;2.0;1.0;1.0
1390820;2025;Athletic Club;Sevilla;0.41463706;0.19521464;0.39014825;0;0.41463706;completados;Local;Baja;3.0;2.0;1.0
1390821;2025;Celta Vigo;Getafe;0.7785807;0.12791902;0.093500234;0;0.7785807;completados;Local;Alta;0.0;2.0;0.0
1390822;2025;Elche;Real Betis;0.4115946;0.19877179;0.38963366;0;0.4115946;completados;Local;Baja;1.0;1.0;0.0
1390823;2025;Espanyol;Atletico Madrid;0.05982679;0.52376825;0.41640496;1;0.52376825;completados;Empate;Media;2.0;1.0;0.0
1390824;2025;Girona;Rayo Vallecano;0.6440534;0.20328876;0.15265785;0;0.6440534;completados;Local;Media;1.0;3.0;0.0
1390825;2025;Mallorca;Barcelona;0.4292711;0.16039942;0.41032946;0;0.4292711;completados;Local;Baja;0.0;3.0;0.0
1390826;2025;Real Madrid;Osasuna;0.5783774;0.34048858;0.08113402;0;0.5783774;completados;Local;Media;1.0;0.0;1.0
1390827;2025;Valencia;Real Sociedad;0.3601146;0.40088448;0.23900095;1;0.40088448;completados;Empate;Baja;1.0;1.0;1.0
1390829;2025;Athletic Club;Rayo Vallecano;0.37674135;0.28466985;0.33858883;0;0.37674135;completados;Local;Baja;1.0;0.0;1.0
1390830;2025;Atletico Madrid;Elche;0.88460433;0.061501388;0.053894352;0;0.88460433;completados;Local;Alta;1.0;1.0;0.0
1390831;2025;Real Betis;Alaves;0.793318;0.13093917;0.07574283;0;0.793318;completados;Local;Alta;1.0;0.0;1.0
1390832;2025;Levante;Barcelona;0.10356241;0.06427675;0.83216083;2;0.83216083;completados;Visitante;Alta;2.0;3.0;1.0
1390833;2025;Mallorca;Celta Vigo;0.31442046;0.25317165;0.43240792;2;0.43240792;completados;Visitante;Baja;1.0;1.0;0.0
1390834;2025;Osasuna;Valencia;0.36591217;0.15331574;0.48077205;2;0.48077205;completados;Visitante;Baja;1.0;0.0;0.0
1390835;2025;Real Sociedad;Espanyol;0.7558275;0.13877425;0.10539826;0;0.7558275;completados;Local;Alta;2.0;2.0;0.0
1390836;2025;Oviedo;Real Madrid;0.14119603;0.35104257;0.5077614;2;0.5077614;completados;Visitante;Media;0.0;3.0;1.0
1390837;2025;Sevilla;Getafe;0.6448063;0.18198115;0.17321254;0;0.6448063;completados;Local;Media;1.0;2.0;0.0
1390838;2025;Villarreal;Girona;0.5874468;0.13844036;0.27411288;0;0.5874468;completados;Local;Media;5.0;0.0;1.0
1390839;2025;Alaves;Atletico Madrid;0.36128074;0.1666098;0.47210947;2;0.47210947;completados;Visitante;Baja;1.0;1.0;0.0
1390840;2025;Real Betis;Athletic Club;0.6602814;0.27523533;0.0644833;0;0.6602814;completados;Local;Alta;1.0;2.0;0.0
1390841;2025;Celta Vigo;Villarreal;0.33347556;0.50536746;0.16115694;1;0.50536746;completados;Empate;Media;1.0;1.0;1.0
1390842;2025;Elche;Levante;0.4907155;0.306283;0.20300153;0;0.4907155;completados;Local;Baja;2.0;0.0;1.0
1390843;2025;Espanyol;Osasuna;0.38201904;0.36185953;0.25612143;0;0.38201904;completados;Local;Baja;1.0;0.0;1.0
1390844;2025;Girona;Sevilla;0.6495931;0.12471551;0.22569141;0;0.6495931;completados;Local;Media;0.0;2.0;0.0
1390845;2025;Rayo Vallecano;Barcelona;0.2971107;0.10505059;0.5978387;2;0.5978387;completados;Visitante;Media;1.0;1.0;0.0
1390846;2025;Real Madrid;Mallorca;0.5887326;0.31377625;0.097491175;0;0.5887326;completados;Local;Media;2.0;1.0;1.0
1390847;2025;Oviedo;Real Sociedad;0.36657324;0.27681628;0.35661054;0;0.36657324;completados;Local;Baja;1.0;0.0;1.0
1390848;2025;Valencia;Getafe;0.71447295;0.17500608;0.11052097;0;0.71447295;completados;Local;Alta;3.0;0.0;1.0
1390849;2025;Athletic Club;Alaves;0.4696055;0.26173;0.26866445;0;0.4696055;completados;Local;Baja;0.0;1.0;0.0
1390850;2025;Atletico Madrid;Villarreal;0.42038023;0.38205612;0.19756368;0;0.42038023;completados;Local;Baja;2.0;0.0;1.0
1390851;2025;Barcelona;Valencia;0.7899016;0.10401284;0.106085576;0;0.7899016;completados;Local;Alta;6.0;0.0;1.0
1390852;2025;Celta Vigo;Girona;0.43300042;0.27135092;0.29564863;0;0.43300042;completados;Local;Baja;1.0;1.0;0.0
1390853;2025;Espanyol;Mallorca;0.53190625;0.2735242;0.19456957;0;0.53190625;completados;Local;Media;3.0;2.0;1.0
1390854;2025;Getafe;Oviedo;0.36160398;0.22749625;0.4108998;2;0.4108998;completados;Visitante;Baja;2.0;0.0;0.0
1390855;2025;Levante;Real Betis;0.25409374;0.35552981;0.3903764;2;0.3903764;completados;Visitante;Baja;2.0;2.0;0.0
1390856;2025;Osasuna;Rayo Vallecano;0.3436634;0.23786035;0.4184762;2;0.4184762;completados;Visitante;Baja;2.0;0.0;0.0
1390857;2025;Real Sociedad;Real Madrid;0.36327726;0.19030662;0.44641608;2;0.44641608;completados;Visitante;Baja;1.0;2.0;1.0
1390858;2025;Sevilla;Elche;0.7259126;0.1188367;0.15525068;0;0.7259126;completados;Local;Alta;2.0;2.0;0.0
1390859;2025;Alaves;Sevilla;0.38520792;0.29745227;0.3173398;0;0.38520792;completados;Local;Baja;1.0;2.0;0.0
1390860;2025;Barcelona;Getafe;0.8941221;0.06819591;0.037681937;0;0.8941221;completados;Local;Alta;3.0;0.0;1.0
1390861;2025;Real Betis;Real Sociedad;0.6600768;0.18526341;0.1546598;0;0.6600768;completados;Local;Alta;3.0;1.0;1.0
1390862;2025;Elche;Oviedo;0.71143776;0.15935116;0.1292111;0;0.71143776;completados;Local;Alta;1.0;0.0;1.0
1390863;2025;Girona;Levante;0.7587605;0.16963221;0.071607254;0;0.7587605;completados;Local;Alta;0.0;4.0;0.0
1390864;2025;Mallorca;Atletico Madrid;0.21628036;0.21463296;0.5690867;2;0.5690867;completados;Visitante;Media;1.0;1.0;0.0
1390865;2025;Rayo Vallecano;Celta Vigo;0.5220829;0.17270628;0.3052108;0;0.5220829;completados;Local;Media;1.0;1.0;0.0
1390866;2025;Real Madrid;Espanyol;0.80357563;0.14892615;0.047498196;0;0.80357563;completados;Local;Alta;2.0;0.0;1.0
1390867;2025;Valencia;Athletic Club;0.20424017;0.2429535;0.5528063;2;0.5528063;completados;Visitante;Media;2.0;0.0;0.0
1390868;2025;Villarreal;Osasuna;0.7875787;0.10255406;0.109867275;0;0.7875787;completados;Local;Alta;2.0;1.0;1.0
1390869;2025;Athletic Club;Girona;0.3115484;0.32545462;0.36299697;2;0.36299697;completados;Visitante;Baja;1.0;1.0;0.0
1390870;2025;Atletico Madrid;Rayo Vallecano;0.6150379;0.24355885;0.14140324;0;0.6150379;completados;Local;Media;3.0;2.0;1.0
1390871;2025;Celta Vigo;Real Betis;0.47274268;0.30136377;0.22589354;0;0.47274268;completados;Local;Baja;1.0;1.0;0.0
1390872;2025;Espanyol;Valencia;0.6587635;0.23620272;0.10503375;0;0.6587635;completados;Local;Alta;2.0;2.0;0.0
1390873;2025;Getafe;Alaves;0.25308105;0.2246157;0.5223032;2;0.5223032;completados;Visitante;Media;1.0;1.0;0.0
1390874;2025;Levante;Real Madrid;0.11357382;0.32185397;0.5645722;2;0.5645722;completados;Visitante;Media;1.0;4.0;1.0
1390875;2025;Osasuna;Elche;0.52819127;0.15299164;0.3188171;0;0.52819127;completados;Local;Media;1.0;1.0;0.0
1390876;2025;Real Sociedad;Mallorca;0.71331346;0.19789743;0.08878907;0;0.71331346;completados;Local;Alta;1.0;0.0;1.0
1390877;2025;Oviedo;Barcelona;0.096724994;0.35023248;0.55304253;2;0.55304253;completados;Visitante;Media;1.0;3.0;1.0
1390878;2025;Sevilla;Villarreal;0.38877535;0.15596749;0.45525718;2;0.45525718;completados;Visitante;Baja;1.0;2.0;1.0
1390879;2025;Atletico Madrid;Real Madrid;0.21159957;0.20166446;0.5867359;2;0.5867359;completados;Visitante;Media;5.0;2.0;0.0
1390880;2025;Barcelona;Real Sociedad;0.79692864;0.09465278;0.10841857;0;0.79692864;completados;Local;Alta;2.0;1.0;1.0
1390881;2025;Real Betis;Osasuna;0.7247484;0.20743972;0.067811884;0;0.7247484;completados;Local;Alta;2.0;0.0;1.0
1390882;2025;Elche;Celta Vigo;0.5441616;0.2383939;0.21744446;0;0.5441616;completados;Local;Media;2.0;1.0;1.0
1390883;2025;Getafe;Levante;0.310604;0.30301085;0.3863851;2;0.3863851;completados;Visitante;Baja;1.0;1.0;0.0
1390884;2025;Girona;Espanyol;0.54126525;0.3376703;0.121064484;0;0.54126525;completados;Local;Media;0.0;0.0;0.0
1390885;2025;Mallorca;Alaves;0.3515788;0.30531085;0.34311038;0;0.3515788;completados;Local;Baja;1.0;0.0;1.0
1390886;2025;Rayo Vallecano;Sevilla;0.5452525;0.23606601;0.21868145;0;0.5452525;completados;Local;Media;0.0;1.0;0.0
1390887;2025;Valencia;Oviedo;0.57982945;0.21603487;0.20413567;0;0.57982945;completados;Local;Media;1.0;2.0;0.0
1390888;2025;Villarreal;Athletic Club;0.34646353;0.44558337;0.20795311;1;0.44558337;completados;Empate;Baja;1.0;0.0;0.0
1390889;2025;Alaves;Elche;0.42582878;0.21523924;0.358932;0;0.42582878;completados;Local;Baja;3.0;1.0;1.0
1390890;2025;Athletic Club;Mallorca;0.8554988;0.1031051;0.041396055;0;0.8554988;completados;Local;Alta;2.0;1.0;1.0
1390891;2025;Celta Vigo;Atletico Madrid;0.6479835;0.12892075;0.2230957;0;0.6479835;completados;Local;Media;1.0;1.0;0.0
1390892;2025;Espanyol;Real Betis;0.41481543;0.27083597;0.31434867;0;0.41481543;completados;Local;Baja;1.0;2.0;0.0
1390893;2025;Girona;Valencia;0.5371945;0.26390588;0.19889964;0;0.5371945;completados;Local;Media;2.0;1.0;1.0
1390894;2025;Osasuna;Getafe;0.44290397;0.37838313;0.17871289;0;0.44290397;completados;Local;Baja;2.0;1.0;1.0
1390895;2025;Real Madrid;Villarreal;0.82279694;0.1103847;0.06681835;0;0.82279694;completados;Local;Alta;3.0;1.0;1.0
1390896;2025;Real Sociedad;Rayo Vallecano;0.39134753;0.28916374;0.31948873;0;0.39134753;completados;Local;Baja;0.0;1.0;0.0
1390897;2025;Oviedo;Levante;0.35955602;0.350237;0.29020697;0;0.35955602;completados;Local;Baja;0.0;2.0;0.0
1390898;2025;Sevilla;Barcelona;0.20263878;0.2738141;0.5235471;2;0.5235471;completados;Visitante;Media;4.0;1.0;0.0
1390899;2025;Alaves;Valencia;0.3599295;0.29160088;0.34846961;0;0.3599295;completados;Local;Baja;0.0;0.0;0.0
1390900;2025;Atletico Madrid;Osasuna;0.86771625;0.08185607;0.050427612;0;0.86771625;completados;Local;Alta;1.0;0.0;1.0
1390901;2025;Barcelona;Girona;0.688002;0.20455682;0.10744118;0;0.688002;completados;Local;Alta;2.0;1.0;1.0
1390902;2025;Celta Vigo;Real Sociedad;0.78660965;0.08721533;0.126175;0;0.78660965;completados;Local;Alta;1.0;1.0;0.0
1390903;2025;Elche;Athletic Club;0.75967336;0.10411965;0.13620695;0;0.75967336;completados;Local;Alta;0.0;0.0;0.0
1390904;2025;Getafe;Real Madrid;0.17638147;0.42069855;0.40291995;1;0.42069855;completados;Empate;Baja;0.0;1.0;0.0
1390905;2025;Levante;Rayo Vallecano;0.39209324;0.2385406;0.36936617;0;0.39209324;completados;Local;Baja;0.0;3.0;0.0
1390906;2025;Oviedo;Espanyol;0.4686618;0.39302707;0.13831112;0;0.4686618;completados;Local;Baja;0.0;2.0;0.0
1390907;2025;Sevilla;Mallorca;0.41774696;0.38142413;0.2008289;0;0.41774696;completados;Local;Baja;1.0;3.0;0.0
1390908;2025;Villarreal;Real Betis;0.4797163;0.22421305;0.2960706;0;0.4797163;completados;Local;Baja;2.0;2.0;0.0
1390909;2025;Athletic Club;Getafe;0.7549654;0.13417156;0.110862985;0;0.7549654;completados;Local;Alta;0.0;1.0;0.0
1390910;2025;Real Betis;Atletico Madrid;0.38007835;0.4313667;0.18855493;1;0.4313667;completados;Empate;Baja;0.0;2.0;0.0
1390911;2025;Espanyol;Elche;0.4288117;0.16602252;0.4051658;0;0.4288117;completados;Local;Baja;1.0;0.0;1.0
1390912;2025;Girona;Oviedo;0.3527193;0.26025066;0.38703007;2;0.38703007;completados;Visitante;Baja;3.0;3.0;0.0
1390913;2025;Mallorca;Levante;0.26397276;0.27062854;0.46539873;2;0.46539873;completados;Visitante;Baja;1.0;1.0;0.0
1390914;2025;Osasuna;Celta Vigo;0.3109898;0.23319809;0.45581213;2;0.45581213;completados;Visitante;Baja;2.0;3.0;1.0
1390915;2025;Rayo Vallecano;Alaves;0.5871283;0.17112476;0.24174695;0;0.5871283;completados;Local;Media;1.0;0.0;1.0
1390916;2025;Real Madrid;Barcelona;0.23577674;0.13177887;0.63244444;2;0.63244444;completados;Visitante;Media;2.0;1.0;0.0
1390917;2025;Real Sociedad;Sevilla;0.5227443;0.26861197;0.20864375;0;0.5227443;completados;Local;Media;2.0;1.0;1.0
1390918;2025;Valencia;Villarreal;0.4278468;0.36544666;0.20670657;0;0.4278468;completados;Local;Baja;0.0;2.0;0.0
1390919;2025;Alaves;Espanyol;0.35617378;0.52698374;0.11684244;1;0.52698374;completados;Empate;Media;2.0;1.0;0.0
1390920;2025;Atletico Madrid;Sevilla;0.7966859;0.13070902;0.07260516;0;0.7966859;completados;Local;Alta;3.0;0.0;1.0
1390921;2025;Barcelona;Elche;0.56586826;0.29064286;0.1434889;0;0.56586826;completados;Local;Media;3.0;1.0;1.0
1390922;2025;Real Betis;Mallorca;0.5280186;0.27890143;0.19307995;0;0.5280186;completados;Local;Media;3.0;0.0;1.0
1390923;2025;Getafe;Girona;0.22458819;0.26241782;0.512994;2;0.512994;completados;Visitante;Media;2.0;1.0;0.0
1390924;2025;Levante;Celta Vigo;0.22631806;0.22093068;0.55275124;2;0.55275124;completados;Visitante;Media;1.0;2.0;1.0
1390925;2025;Real Madrid;Valencia;0.945215;0.025450004;0.029334996;0;0.945215;completados;Local;Alta;4.0;0.0;1.0
1390926;2025;Real Sociedad;Athletic Club;0.6031158;0.21867363;0.17821056;0;0.6031158;completados;Local;Media;3.0;2.0;1.0
1390927;2025;Oviedo;Osasuna;0.67484355;0.1488381;0.1763184;0;0.67484355;completados;Local;Alta;0.0;0.0;0.0
1390928;2025;Villarreal;Rayo Vallecano;0.22174281;0.50044745;0.27780977;1;0.50044745;completados;Empate;Media;4.0;0.0;0.0
1390929;2025;Athletic Club;Oviedo;0.47168657;0.2508003;0.27751315;0;0.47168657;completados;Local;Baja;1.0;0.0;1.0
1390930;2025;Atletico Madrid;Levante;0.38111413;0.5625846;0.056301314;1;0.5625846;completados;Empate;Media;3.0;1.0;0.0
1390931;2025;Celta Vigo;Barcelona;0.33996242;0.11585674;0.5441808;2;0.5441808;completados;Visitante;Media;2.0;4.0;1.0
1390932;2025;Elche;Real Sociedad;0.80139357;0.15326536;0.04534109;0;0.80139357;completados;Local;Alta;1.0;1.0;0.0
1390933;2025;Espanyol;Villarreal;0.4767734;0.37230313;0.1509235;0;0.4767734;completados;Local;Baja;0.0;2.0;0.0
1390934;2025;Girona;Alaves;0.53501076;0.21638274;0.24860649;0;0.53501076;completados;Local;Media;1.0;0.0;1.0
1390935;2025;Mallorca;Getafe;0.4396733;0.41504776;0.14527892;0;0.4396733;completados;Local;Baja;1.0;0.0;1.0
1390936;2025;Rayo Vallecano;Real Madrid;0.38158062;0.1386429;0.47977644;2;0.47977644;completados;Visitante;Baja;0.0;0.0;0.0
1390937;2025;Sevilla;Osasuna;0.5334771;0.2701169;0.19640598;0;0.5334771;completados;Local;Media;1.0;0.0;1.0
1390938;2025;Valencia;Real Betis;0.41607463;0.21319988;0.37072548;0;0.41607463;completados;Local;Baja;1.0;1.0;0.0
1390939;2025;Alaves;Celta Vigo;0.15444449;0.20527188;0.64028364;2;0.64028364;completados;Visitante;Media;0.0;1.0;1.0
1390940;2025;Barcelona;Athletic Club;0.92819357;0.045933247;0.02587312;0;0.92819357;completados;Local;Alta;4.0;0.0;1.0
1390941;2025;Real Betis;Girona;0.8081786;0.12501402;0.06680734;0;0.8081786;completados;Local;Alta;1.0;1.0;0.0
1390942;2025;Elche;Real Madrid;0.20277846;0.22769223;0.56952935;2;0.56952935;completados;Visitante;Media;2.0;2.0;0.0
1390943;2025;Espanyol;Sevilla;0.582454;0.26703689;0.15050909;0;0.582454;completados;Local;Media;2.0;1.0;1.0
1390944;2025;Getafe;Atletico Madrid;0.10258817;0.25761992;0.6397919;2;0.6397919;completados;Visitante;Media;0.0;1.0;1.0
1390945;2025;Osasuna;Real Sociedad;0.32118908;0.44871724;0.23009366;1;0.44871724;completados;Empate;Baja;1.0;3.0;0.0
1390946;2025;Oviedo;Rayo Vallecano;0.34200016;0.281093;0.37690678;2;0.37690678;completados;Visitante;Baja;0.0;0.0;0.0
1390947;2025;Valencia;Levante;0.35491416;0.43612;0.20896588;1;0.43612;completados;Empate;Baja;1.0;0.0;0.0
1390948;2025;Villarreal;Mallorca;0.40388224;0.18441775;0.41170004;2;0.41170004;completados;Visitante;Baja;2.0;1.0;0.0
1390949;2025;Atletico Madrid;Oviedo;0.91428035;0.03603968;0.049680028;0;0.91428035;completados;Local;Alta;2.0;0.0;1.0
1390950;2025;Barcelona;Alaves;0.92917943;0.033437956;0.037382536;0;0.92917943;completados;Local;Alta;3.0;1.0;1.0
1390951;2025;Celta Vigo;Espanyol;0.38854834;0.46914107;0.14231062;1;0.46914107;completados;Empate;Baja;0.0;1.0;0.0
1390952;2025;Getafe;Elche;0.31975967;0.18980443;0.49043584;2;0.49043584;completados;Visitante;Baja;1.0;0.0;0.0
1390953;2025;Girona;Real Madrid;0.28221625;0.16790529;0.5498785;2;0.5498785;completados;Visitante;Media;1.0;1.0;0.0
1390954;2025;Levante;Athletic Club;0.30316338;0.4108292;0.2860074;1;0.4108292;completados;Empate;Baja;0.0;2.0;0.0
1390955;2025;Mallorca;Osasuna;0.23644269;0.28568196;0.47787538;2;0.47787538;completados;Visitante;Baja;2.0;2.0;0.0
1390956;2025;Rayo Vallecano;Valencia;0.5601402;0.18716685;0.25269294;0;0.5601402;completados;Local;Media;1.0;1.0;0.0
1390957;2025;Real Sociedad;Villarreal;0.33871132;0.26037195;0.4009167;2;0.4009167;completados;Visitante;Baja;2.0;3.0;1.0
1390958;2025;Sevilla;Real Betis;0.31421447;0.291321;0.3944645;2;0.3944645;completados;Visitante;Baja;0.0;2.0;1.0
1390959;2025;Alaves;Real Sociedad;0.22892012;0.39516065;0.37591916;1;0.39516065;completados;Empate;Baja;1.0;0.0;0.0
1390960;2025;Athletic Club;Atletico Madrid;0.19830346;0.23210955;0.569587;2;0.569587;completados;Visitante;Media;1.0;0.0;0.0
1390961;2025;Real Betis;Barcelona;0.2920884;0.15999681;0.54791486;2;0.54791486;completados;Visitante;Media;3.0;5.0;1.0
1390962;2025;Elche;Girona;0.33148703;0.26977384;0.3987392;2;0.3987392;completados;Visitante;Baja;3.0;0.0;0.0
1390963;2025;Espanyol;Rayo Vallecano;0.27186853;0.38443384;0.3436976;1;0.38443384;completados;Empate;Baja;1.0;0.0;0.0
1390964;2025;Osasuna;Levante;0.5542357;0.3146197;0.13114461;0;0.5542357;completados;Local;Media;2.0;0.0;1.0
1390965;2025;Real Madrid;Celta Vigo;0.85004336;0.07234444;0.0776122;0;0.85004336;completados;Local;Alta;0.0;2.0;0.0
1390966;2025;Oviedo;Mallorca;0.37068442;0.29982442;0.3294912;0;0.37068442;completados;Local;Baja;0.0;0.0;0.0
1390967;2025;Valencia;Sevilla;0.5006786;0.32592204;0.17339936;0;0.5006786;completados;Local;Media;1.0;1.0;0.0
1390968;2025;Villarreal;Getafe;0.7210312;0.19282697;0.0861419;0;0.7210312;completados;Local;Alta;2.0;0.0;1.0
1390969;2025;Alaves;Real Madrid;0.23026249;0.3182616;0.4514759;2;0.4514759;completados;Visitante;Baja;1.0;2.0;1.0
1390970;2025;Atletico Madrid;Valencia;0.9164238;0.055451494;0.028124742;0;0.9164238;completados;Local;Alta;2.0;1.0;1.0
1390971;2025;Barcelona;Osasuna;0.9072321;0.06692585;0.025842085;0;0.9072321;completados;Local;Alta;2.0;0.0;1.0
1390972;2025;Celta Vigo;Athletic Club;0.8285706;0.096343346;0.07508606;0;0.8285706;completados;Local;Alta;2.0;0.0;1.0
1390973;2025;Getafe;Espanyol;0.57832193;0.18723509;0.23444302;0;0.57832193;completados;Local;Media;0.0;1.0;0.0
1390974;2025;Levante;Villarreal;0.28930146;0.59385395;0.11684461;1;0.59385395;pendientes;Empate;Media;;;
1390975;2025;Mallorca;Elche;0.47236982;0.16204226;0.3655879;0;0.47236982;completados;Local;Baja;3.0;1.0;1.0
1390976;2025;Rayo Vallecano;Real Betis;0.35239026;0.4079012;0.23970853;1;0.4079012;completados;Empate;Baja;0.0;0.0;1.0
1390977;2025;Real Sociedad;Girona;0.34216723;0.20951748;0.44831526;2;0.44831526;completados;Visitante;Baja;1.0;2.0;1.0
1390978;2025;Sevilla;Oviedo;0.46669644;0.18259028;0.35071325;0;0.46669644;completados;Local;Baja;4.0;0.0;1.0
1390979;2025;Athletic Club;Espanyol;0.6512785;0.22903483;0.11968672;0;0.6512785;completados;Local;Alta;1.0;2.0;0.0
1390980;2025;Real Betis;Getafe;0.44772658;0.43590927;0.11636418;0;0.44772658;completados;Local;Baja;4.0;0.0;1.0
1390981;2025;Elche;Rayo Vallecano;0.34871238;0.40814832;0.24313931;1;0.40814832;completados;Empate;Baja;4.0;0.0;0.0
1390982;2025;Girona;Atletico Madrid;0.45880178;0.21040735;0.33079085;0;0.45880178;completados;Local;Baja;0.0;3.0;0.0
1390983;2025;Levante;Real Sociedad;0.28849;0.15182953;0.55968046;2;0.55968046;completados;Visitante;Media;1.0;1.0;0.0
1390984;2025;Osasuna;Alaves;0.25434795;0.32653713;0.41911492;2;0.41911492;completados;Visitante;Baja;3.0;0.0;0.0
1390985;2025;Real Madrid;Sevilla;0.8769642;0.06647866;0.05655719;0;0.8769642;completados;Local;Alta;2.0;0.0;1.0
1390986;2025;Oviedo;Celta Vigo;0.22769433;0.16252628;0.60977936;2;0.60977936;completados;Visitante;Media;0.0;0.0;0.0
1390987;2025;Valencia;Mallorca;0.35489464;0.51377124;0.13133414;1;0.51377124;completados;Empate;Media;1.0;1.0;1.0
1390988;2025;Villarreal;Barcelona;0.28021026;0.19244789;0.52734184;2;0.52734184;completados;Visitante;Media;0.0;2.0;1.0
1390989;2025;Alaves;Oviedo;0.48292944;0.33271322;0.18435739;0;0.48292944;completados;Local;Baja;1.0;1.0;0.0
1390990;2025;Celta Vigo;Valencia;0.5356848;0.28000212;0.18431304;0;0.5356848;completados;Local;Media;4.0;1.0;1.0
1390991;2025;Elche;Villarreal;0.6463647;0.15724432;0.19639103;0;0.6463647;completados;Local;Media;1.0;3.0;0.0
1390992;2025;Espanyol;Barcelona;0.106760606;0.31737775;0.57586163;2;0.57586163;completados;Visitante;Media;0.0;2.0;1.0
1390993;2025;Mallorca;Girona;0.27918828;0.26857617;0.45223558;2;0.45223558;completados;Visitante;Baja;1.0;2.0;1.0
1390994;2025;Osasuna;Athletic Club;0.1433695;0.5220413;0.33458915;1;0.5220413;completados;Empate;Media;1.0;1.0;1.0
1390995;2025;Rayo Vallecano;Getafe;0.4834476;0.4028754;0.11367699;0;0.4834476;completados;Local;Baja;1.0;1.0;0.0
1390996;2025;Real Madrid;Real Betis;0.7998443;0.15024914;0.04990655;0;0.7998443;completados;Local;Alta;5.0;1.0;1.0
1390997;2025;Real Sociedad;Atletico Madrid;0.4697858;0.19086316;0.33935097;0;0.4697858;completados;Local;Baja;1.0;1.0;0.0
1390998;2025;Sevilla;Levante;0.7163764;0.16656028;0.11706332;0;0.7163764;completados;Local;Alta;0.0;3.0;0.0
1390999;2025;Athletic Club;Real Madrid;0.39565483;0.14119099;0.4631542;2;0.4631542;completados;Visitante;Baja;0.0;3.0;1.0
1391000;2025;Barcelona;Atletico Madrid;0.78035516;0.12839273;0.09125214;0;0.78035516;completados;Local;Alta;3.0;1.0;1.0
1391001;2025;Getafe;Real Sociedad;0.29234427;0.21448866;0.49316707;2;0.49316707;completados;Visitante;Baja;1.0;2.0;1.0
1391002;2025;Girona;Osasuna;0.8163721;0.08836179;0.09526606;0;0.8163721;completados;Local;Alta;1.0;0.0;1.0
1391003;2025;Levante;Espanyol;0.47365308;0.40997615;0.11637078;0;0.47365308;completados;Local;Baja;1.0;1.0;0.0
1391004;2025;Rayo Vallecano;Mallorca;0.49074107;0.41399586;0.09526307;0;0.49074107;completados;Local;Baja;2.0;1.0;1.0
1391005;2025;Oviedo;Real Betis;0.39326826;0.47217482;0.13455695;1;0.47217482;completados;Empate;Baja;1.0;1.0;1.0
1391006;2025;Sevilla;Celta Vigo;0.21915115;0.44688442;0.33396444;1;0.44688442;completados;Empate;Baja;0.0;1.0;0.0
1391007;2025;Valencia;Elche;0.5447426;0.13921961;0.31603783;0;0.5447426;completados;Local;Media;1.0;1.0;0.0
1391008;2025;Villarreal;Alaves;0.2819528;0.38209057;0.33595666;1;0.38209057;completados;Empate;Baja;3.0;1.0;0.0
1391009;2025;Atletico Madrid;Alaves;0.48779163;0.24743836;0.26477;0;0.48779163;completados;Local;Baja;1.0;0.0;1.0
1391010;2025;Real Betis;Villarreal;0.68553674;0.2721849;0.042278357;0;0.68553674;completados;Local;Alta;2.0;0.0;1.0
1391011;2025;Celta Vigo;Rayo Vallecano;0.5914451;0.29139748;0.11715738;0;0.5914451;completados;Local;Media;3.0;0.0;1.0
1391012;2025;Elche;Sevilla;0.40639928;0.26682222;0.3267785;0;0.40639928;completados;Local;Baja;2.0;2.0;0.0
1391013;2025;Espanyol;Girona;0.18754914;0.35564756;0.4568033;2;0.4568033;completados;Visitante;Baja;0.0;2.0;1.0
1391014;2025;Getafe;Valencia;0.30646935;0.16198146;0.5315492;2;0.5315492;completados;Visitante;Media;0.0;1.0;1.0
1391015;2025;Mallorca;Athletic Club;0.2751202;0.32037908;0.40450075;2;0.40450075;completados;Visitante;Baja;3.0;2.0;0.0
1391016;2025;Osasuna;Oviedo;0.5396355;0.1962556;0.26410887;0;0.5396355;completados;Local;Media;3.0;2.0;1.0
1391017;2025;Real Madrid;Levante;0.9681405;0.018230287;0.01362924;0;0.9681405;completados;Local;Alta;2.0;0.0;1.0
1391018;2025;Real Sociedad;Barcelona;0.46565896;0.13086197;0.403479;0;0.46565896;completados;Local;Baja;2.0;1.0;1.0
1391019;2025;Alaves;Real Betis;0.25760463;0.35565472;0.38674068;2;0.38674068;completados;Visitante;Baja;2.0;1.0;0.0
1391020;2025;Atletico Madrid;Mallorca;0.8024632;0.113007866;0.08452896;0;0.8024632;completados;Local;Alta;3.0;0.0;1.0
1391021;2025;Barcelona;Oviedo;0.93475205;0.026528211;0.038719703;0;0.93475205;completados;Local;Alta;3.0;0.0;1.0
1391022;2025;Girona;Getafe;0.6242568;0.20144626;0.17429698;0;0.6242568;completados;Local;Media;1.0;1.0;0.0
1391023;2025;Levante;Elche;0.49893832;0.10964458;0.39141715;0;0.49893832;completados;Local;Baja;3.0;2.0;1.0
1391024;2025;Rayo Vallecano;Osasuna;0.70819443;0.21923327;0.07257224;0;0.70819443;completados;Local;Alta;1.0;3.0;0.0
1391025;2025;Real Sociedad;Celta Vigo;0.35824475;0.25621298;0.3855423;2;0.3855423;completados;Visitante;Baja;3.0;1.0;0.0
1391026;2025;Sevilla;Athletic Club;0.28960866;0.43151617;0.27887517;1;0.43151617;completados;Empate;Baja;2.0;1.0;0.0
1391027;2025;Valencia;Espanyol;0.5502128;0.326727;0.123060204;0;0.5502128;completados;Local;Media;3.0;2.0;1.0
1391028;2025;Villarreal;Real Madrid;0.0559978;0.5939624;0.35003984;1;0.5939624;completados;Empate;Media;0.0;2.0;0.0
1391029;2025;Athletic Club;Real Sociedad;0.41276523;0.4667465;0.12048828;1;0.4667465;pendientes;Empate;Baja;;;
1391030;2025;Real Betis;Valencia;0.71244925;0.1709978;0.116552986;0;0.71244925;pendientes;Local;Alta;;;
1391031;2025;Elche;Barcelona;0.3907891;0.12558563;0.48362526;2;0.48362526;pendientes;Visitante;Baja;;;
1391032;2025;Espanyol;Alaves;0.46572873;0.2815639;0.25270736;0;0.46572873;pendientes;Local;Baja;;;
1391033;2025;Getafe;Celta Vigo;0.2826173;0.26965824;0.4477245;2;0.4477245;pendientes;Visitante;Baja;;;
1391034;2025;Levante;Atletico Madrid;0.4208839;0.20249124;0.37662494;0;0.4208839;pendientes;Local;Baja;;;
1391035;2025;Mallorca;Sevilla;0.27264896;0.38259655;0.3447545;1;0.38259655;pendientes;Empate;Baja;;;
1391036;2025;Osasuna;Villarreal;0.51057875;0.38849977;0.1009215;0;0.51057875;pendientes;Local;Media;;;
1391037;2025;Real Madrid;Rayo Vallecano;0.9084153;0.045851883;0.045732737;0;0.9084153;pendientes;Local;Alta;;;
1391038;2025;Oviedo;Girona;0.3413447;0.19736984;0.4612854;2;0.4612854;pendientes;Visitante;Baja;;;
1391039;2025;Alaves;Getafe;0.437977;0.3055038;0.25651923;0;0.437977;pendientes;Local;Baja;;;
1391040;2025;Athletic Club;Levante;0.5869106;0.32790267;0.08518666;0;0.5869106;pendientes;Local;Media;;;
1391041;2025;Atletico Madrid;Real Betis;0.5731179;0.14032084;0.28656125;0;0.5731179;pendientes;Local;Media;;;
1391042;2025;Barcelona;Mallorca;0.9271508;0.032163475;0.040685788;0;0.9271508;pendientes;Local;Alta;;;
1391043;2025;Celta Vigo;Osasuna;0.58863664;0.33678368;0.07457963;0;0.58863664;pendientes;Local;Media;;;
1391044;2025;Rayo Vallecano;Oviedo;0.578731;0.27880058;0.14246844;0;0.578731;pendientes;Local;Media;;;
1391045;2025;Real Sociedad;Elche;0.42434344;0.2643065;0.31135005;0;0.42434344;pendientes;Local;Baja;;;
1391046;2025;Sevilla;Girona;0.5150117;0.19106527;0.29392305;0;0.5150117;pendientes;Local;Media;;;
1391047;2025;Valencia;Real Madrid;0.43379277;0.21551542;0.35069185;0;0.43379277;pendientes;Local;Baja;;;
1391048;2025;Villarreal;Espanyol;0.49956074;0.2886887;0.21175064;0;0.49956074;pendientes;Local;Baja;;;
1391049;2025;Elche;Osasuna;0.6891509;0.17853342;0.13231559;0;0.6891509;pendientes;Local;Alta;;;
1391050;2025;Espanyol;Celta Vigo;0.2712218;0.358122;0.37065622;2;0.37065622;pendientes;Visitante;Baja;;;
1391051;2025;Getafe;Villarreal;0.42487457;0.32877183;0.2463536;0;0.42487457;pendientes;Local;Baja;;;
1391052;2025;Girona;Barcelona;0.48289925;0.11640511;0.40069565;0;0.48289925;pendientes;Local;Baja;;;
1391053;2025;Levante;Valencia;0.31472316;0.32391384;0.361363;2;0.361363;pendientes;Visitante;Baja;;;
1391054;2025;Mallorca;Real Betis;0.19708419;0.1909664;0.6119494;2;0.6119494;pendientes;Visitante;Media;;;
1391055;2025;Rayo Vallecano;Atletico Madrid;0.50405437;0.18017052;0.31577507;0;0.50405437;pendientes;Local;Media;;;
1391056;2025;Real Madrid;Real Sociedad;0.891488;0.08590267;0.022609303;0;0.891488;pendientes;Local;Alta;;;
1391057;2025;Oviedo;Athletic Club;0.19381535;0.4536513;0.3525333;1;0.4536513;pendientes;Empate;Baja;;;
1391058;2025;Sevilla;Alaves;0.6122872;0.20493488;0.18277791;0;0.6122872;pendientes;Local;Media;;;
1391059;2025;Alaves;Girona;0.5360342;0.2174756;0.24649017;0;0.5360342;pendientes;Local;Media;;;
1391060;2025;Athletic Club;Elche;0.5696434;0.1564723;0.2738844;0;0.5696434;pendientes;Local;Media;;;
1391061;2025;Atletico Madrid;Espanyol;0.8815827;0.07532328;0.043094024;0;0.8815827;pendientes;Local;Alta;;;
1391062;2025;Barcelona;Levante;0.8556011;0.08889183;0.055507068;0;0.8556011;pendientes;Local;Alta;;;
1391063;2025;Real Betis;Rayo Vallecano;0.6591216;0.23506793;0.10581052;0;0.6591216;pendientes;Local;Alta;;;
1391064;2025;Celta Vigo;Mallorca;0.7166509;0.16793044;0.1154187;0;0.7166509;pendientes;Local;Alta;;;
1391065;2025;Getafe;Sevilla;0.23413447;0.25443396;0.5114316;2;0.5114316;pendientes;Visitante;Media;;;
1391066;2025;Osasuna;Real Madrid;0.07891769;0.43885866;0.48222363;2;0.48222363;pendientes;Visitante;Baja;;;
1391067;2025;Real Sociedad;Oviedo;0.6964919;0.24913186;0.05437629;0;0.6964919;pendientes;Local;Alta;;;
1391068;2025;Villarreal;Valencia;0.2861015;0.18058316;0.53331536;2;0.53331536;pendientes;Visitante;Media;;;
1391069;2025;Barcelona;Villarreal;0.88676775;0.06733528;0.04589697;0;0.88676775;pendientes;Local;Alta;;;
1391070;2025;Real Betis;Sevilla;0.36695647;0.41484734;0.2181962;1;0.41484734;pendientes;Empate;Baja;;;
1391071;2025;Elche;Espanyol;0.8573047;0.092645764;0.050049517;0;0.8573047;pendientes;Local;Alta;;;
1391072;2025;Girona;Celta Vigo;0.47800684;0.28480214;0.23719102;0;0.47800684;pendientes;Local;Baja;;;
1391073;2025;Levante;Alaves;0.3955443;0.42167616;0.18277958;1;0.42167616;pendientes;Empate;Baja;;;
1391074;2025;Mallorca;Real Sociedad;0.22893101;0.3736667;0.3974023;2;0.3974023;pendientes;Visitante;Baja;;;
1391075;2025;Rayo Vallecano;Athletic Club;0.27519;0.4351398;0.2896701;1;0.4351398;pendientes;Empate;Baja;;;
1391076;2025;Real Madrid;Getafe;0.95035845;0.037949163;0.011692356;0;0.95035845;pendientes;Local;Alta;;;
1391077;2025;Oviedo;Atletico Madrid;0.3729884;0.121422745;0.5055888;2;0.5055888;pendientes;Visitante;Media;;;
1391078;2025;Valencia;Osasuna;0.32960683;0.5272359;0.14315727;1;0.5272359;pendientes;Empate;Media;;;
1391079;2025;Athletic Club;Barcelona;0.23801517;0.099058025;0.6629268;2;0.6629268;pendientes;Visitante;Alta;;;
1391080;2025;Atletico Madrid;Real Sociedad;0.62344366;0.22933091;0.14722541;0;0.62344366;pendientes;Local;Media;;;
1391081;2025;Celta Vigo;Real Madrid;0.23301181;0.19941059;0.56757754;2;0.56757754;pendientes;Visitante;Media;;;
1391082;2025;Espanyol;Oviedo;0.5522767;0.2478171;0.19990623;0;0.5522767;pendientes;Local;Media;;;
1391083;2025;Getafe;Real Betis;0.15639652;0.14346686;0.7001366;2;0.7001366;pendientes;Visitante;Alta;;;
1391084;2025;Levante;Girona;0.37164265;0.27593327;0.35242411;0;0.37164265;pendientes;Local;Baja;;;
1391085;2025;Osasuna;Mallorca;0.59132516;0.21004853;0.19862628;0;0.59132516;pendientes;Local;Media;;;
1391086;2025;Sevilla;Rayo Vallecano;0.5741685;0.26284045;0.16299106;0;0.5741685;pendientes;Local;Media;;;
1391087;2025;Valencia;Alaves;0.5822542;0.23934056;0.17840524;0;0.5822542;pendientes;Local;Media;;;
1391088;2025;Villarreal;Elche;0.20970058;0.26614136;0.52415806;2;0.52415806;pendientes;Visitante;Media;;;
1391089;2025;Alaves;Villarreal;0.7858461;0.14861545;0.06553845;0;0.7858461;pendientes;Local;Alta;;;
1391090;2025;Atletico Madrid;Getafe;0.7721976;0.12893161;0.09887074;0;0.7721976;pendientes;Local;Alta;;;
1391091;2025;Barcelona;Sevilla;0.6820357;0.19202454;0.12593973;0;0.6820357;pendientes;Local;Alta;;;
1391092;2025;Real Betis;Celta Vigo;0.3059329;0.3911621;0.30290502;1;0.3911621;pendientes;Empate;Baja;;;
1391093;2025;Girona;Athletic Club;0.39156675;0.3886593;0.219774;0;0.39156675;pendientes;Local;Baja;;;
1391094;2025;Mallorca;Espanyol;0.6754324;0.21571358;0.10885408;0;0.6754324;pendientes;Local;Alta;;;
1391095;2025;Rayo Vallecano;Levante;0.32039428;0.45122227;0.22838344;1;0.45122227;pendientes;Empate;Baja;;;
1391096;2025;Real Madrid;Elche;0.9407428;0.028627018;0.030630177;0;0.9407428;pendientes;Local;Alta;;;
1391097;2025;Real Sociedad;Osasuna;0.5650132;0.34135866;0.093628146;0;0.5650132;pendientes;Local;Media;;;
1391098;2025;Oviedo;Valencia;0.31589657;0.18909816;0.49500522;2;0.49500522;pendientes;Visitante;Baja;;;
1391099;2025;Athletic Club;Real Betis;0.4061838;0.2610419;0.33277425;0;0.4061838;pendientes;Local;Baja;;;
1391100;2025;Barcelona;Rayo Vallecano;0.90455616;0.033157952;0.062285922;0;0.90455616;pendientes;Local;Alta;;;
1391101;2025;Celta Vigo;Alaves;0.6893488;0.14607316;0.16457798;0;0.6893488;pendientes;Local;Alta;;;
1391102;2025;Elche;Mallorca;0.7954552;0.10707816;0.09746669;0;0.7954552;pendientes;Local;Alta;;;
1391103;2025;Espanyol;Getafe;0.36251906;0.31226638;0.32521462;0;0.36251906;pendientes;Local;Baja;;;
1391104;2025;Levante;Oviedo;0.45044914;0.4417278;0.10782303;0;0.45044914;pendientes;Local;Baja;;;
1391105;2025;Osasuna;Girona;0.31507736;0.22733824;0.45758438;2;0.45758438;pendientes;Visitante;Baja;;;
1391106;2025;Real Madrid;Atletico Madrid;0.8375525;0.11304263;0.049404945;0;0.8375525;pendientes;Local;Alta;;;
1391107;2025;Sevilla;Valencia;0.55485576;0.21938606;0.2257582;0;0.55485576;pendientes;Local;Media;;;
1391108;2025;Villarreal;Real Sociedad;0.20663726;0.34273165;0.4506311;2;0.4506311;pendientes;Visitante;Baja;;;
1391109;2025;Alaves;Osasuna;0.3903;0.46855658;0.14114344;1;0.46855658;pendientes;Empate;Baja;;;
1391110;2025;Atletico Madrid;Barcelona;0.489915;0.060331933;0.4497531;0;0.489915;pendientes;Local;Baja;;;
1391111;2025;Real Betis;Espanyol;0.75785387;0.21163405;0.030512035;0;0.75785387;pendientes;Local;Alta;;;
1391112;2025;Getafe;Athletic Club;0.18434648;0.3564873;0.45916623;2;0.45916623;pendientes;Visitante;Baja;;;
1391113;2025;Girona;Villarreal;0.88217515;0.07540486;0.042420007;0;0.88217515;pendientes;Local;Alta;;;
1391114;2025;Mallorca;Real Madrid;0.06856935;0.45327675;0.4781539;2;0.4781539;pendientes;Visitante;Baja;;;
1391115;2025;Rayo Vallecano;Elche;0.46741155;0.1788694;0.35371906;0;0.46741155;pendientes;Local;Baja;;;
1391116;2025;Real Sociedad;Levante;0.473788;0.3892898;0.13692227;0;0.473788;pendientes;Local;Baja;;;
1391117;2025;Oviedo;Sevilla;0.26417077;0.37500337;0.3608259;1;0.37500337;pendientes;Empate;Baja;;;
1391118;2025;Valencia;Celta Vigo;0.27237517;0.4338918;0.2937331;1;0.4338918;pendientes;Empate;Baja;;;
1391119;2025;Athletic Club;Villarreal;0.79242843;0.17357503;0.03399648;0;0.79242843;pendientes;Local;Alta;;;
1391120;2025;Barcelona;Espanyol;0.95820373;0.022579337;0.019216916;0;0.95820373;pendientes;Local;Alta;;;
1391121;2025;Celta Vigo;Oviedo;0.7087706;0.23304568;0.05818379;0;0.7087706;pendientes;Local;Alta;;;
1391122;2025;Elche;Valencia;0.7543383;0.10348978;0.14217187;0;0.7543383;pendientes;Local;Alta;;;
1391123;2025;Levante;Getafe;0.314016;0.556949;0.12903498;1;0.556949;pendientes;Empate;Media;;;
1391124;2025;Mallorca;Rayo Vallecano;0.59200954;0.25973564;0.1482548;0;0.59200954;pendientes;Local;Media;;;
1391125;2025;Osasuna;Real Betis;0.1833848;0.24603337;0.57058185;2;0.57058185;pendientes;Visitante;Media;;;
1391126;2025;Real Madrid;Girona;0.86722803;0.0998194;0.032952584;0;0.86722803;pendientes;Local;Alta;;;
1391127;2025;Real Sociedad;Alaves;0.55337906;0.2527123;0.19390865;0;0.55337906;pendientes;Local;Media;;;
1391128;2025;Sevilla;Atletico Madrid;0.50867397;0.19765829;0.29366776;0;0.50867397;pendientes;Local;Media;;;
1391129;2025;Alaves;Mallorca;0.5343673;0.26586577;0.19976695;0;0.5343673;pendientes;Local;Media;;;
1391130;2025;Atletico Madrid;Athletic Club;0.5684421;0.22041984;0.21113801;0;0.5684421;pendientes;Local;Media;;;
1391131;2025;Real Betis;Real Madrid;0.19609623;0.36311778;0.44078594;2;0.44078594;pendientes;Visitante;Baja;;;
1391132;2025;Espanyol;Levante;0.28699607;0.24707192;0.465932;2;0.465932;pendientes;Visitante;Baja;;;
1391133;2025;Getafe;Barcelona;0.12075751;0.34834892;0.5308936;2;0.5308936;pendientes;Visitante;Media;;;
1391134;2025;Osasuna;Sevilla;0.25246474;0.3973959;0.35013932;1;0.3973959;pendientes;Empate;Baja;;;
1391135;2025;Rayo Vallecano;Real Sociedad;0.26422694;0.53305846;0.20271453;1;0.53305846;pendientes;Empate;Media;;;
1391136;2025;Oviedo;Elche;0.22376004;0.21634078;0.5598992;2;0.5598992;pendientes;Visitante;Media;;;
1391137;2025;Valencia;Girona;0.54403484;0.1542141;0.30175108;0;0.54403484;pendientes;Local;Media;;;
1391138;2025;Villarreal;Celta Vigo;0.3205873;0.30222017;0.37719253;2;0.37719253;pendientes;Visitante;Baja;;;
1391139;2025;Athletic Club;Osasuna;0.6408215;0.28911364;0.07006484;0;0.6408215;pendientes;Local;Media;;;
1391140;2025;Barcelona;Celta Vigo;0.7705461;0.086286105;0.14316776;0;0.7705461;pendientes;Local;Alta;;;
1391141;2025;Elche;Atletico Madrid;0.7235095;0.09866935;0.17782116;0;0.7235095;pendientes;Local;Alta;;;
1391142;2025;Girona;Real Betis;0.45731148;0.19907394;0.34361455;0;0.45731148;pendientes;Local;Baja;;;
1391143;2025;Levante;Sevilla;0.18619658;0.5093073;0.3044961;1;0.5093073;pendientes;Empate;Media;;;
1391144;2025;Mallorca;Valencia;0.40185034;0.21113633;0.38701332;0;0.40185034;pendientes;Local;Baja;;;
1391145;2025;Rayo Vallecano;Espanyol;0.6114368;0.27947554;0.10908771;0;0.6114368;pendientes;Local;Media;;;
1391146;2025;Real Madrid;Alaves;0.91784763;0.051915497;0.03023687;0;0.91784763;pendientes;Local;Alta;;;
1391147;2025;Real Sociedad;Getafe;0.5179069;0.37146023;0.11063285;0;0.5179069;pendientes;Local;Media;;;
1391148;2025;Oviedo;Villarreal;0.49376318;0.2979588;0.20827799;0;0.49376318;pendientes;Local;Baja;;;
1391149;2025;Alaves;Athletic Club;0.24613006;0.5411175;0.21275246;1;0.5411175;pendientes;Empate;Media;;;
1391150;2025;Real Betis;Oviedo;0.7674807;0.20118958;0.031329792;0;0.7674807;pendientes;Local;Alta;;;
1391151;2025;Celta Vigo;Elche;0.48098543;0.1567251;0.36228952;0;0.48098543;pendientes;Local;Baja;;;
1391152;2025;Espanyol;Real Madrid;0.05682638;0.5608076;0.38236603;1;0.5608076;pendientes;Empate;Media;;;
1391153;2025;Getafe;Rayo Vallecano;0.52417195;0.23391768;0.24191034;0;0.52417195;pendientes;Local;Media;;;
1391154;2025;Girona;Mallorca;0.80631757;0.10817034;0.08551211;0;0.80631757;pendientes;Local;Alta;;;
1391155;2025;Osasuna;Barcelona;0.17376238;0.17560962;0.65062803;2;0.65062803;pendientes;Visitante;Alta;;;
1391156;2025;Sevilla;Real Sociedad;0.28837505;0.583803;0.127822;1;0.583803;pendientes;Empate;Media;;;
1391157;2025;Valencia;Atletico Madrid;0.51115;0.13546957;0.35338044;0;0.51115;pendientes;Local;Media;;;
1391158;2025;Villarreal;Levante;0.28870168;0.20650618;0.5047921;2;0.5047921;pendientes;Visitante;Media;;;
1391159;2025;Athletic Club;Valencia;0.55412644;0.19825597;0.24761762;0;0.55412644;pendientes;Local;Media;;;
1391160;2025;Atletico Madrid;Celta Vigo;0.5700768;0.17183608;0.2580871;0;0.5700768;pendientes;Local;Media;;;
1391161;2025;Barcelona;Real Madrid;0.15228312;0.28907552;0.5586413;2;0.5586413;pendientes;Visitante;Media;;;
1391162;2025;Elche;Alaves;0.702524;0.16928269;0.12819333;0;0.702524;pendientes;Local;Alta;;;
1391163;2025;Levante;Osasuna;0.28073397;0.5794373;0.13982873;1;0.5794373;pendientes;Empate;Media;;;
1391164;2025;Mallorca;Villarreal;0.48190734;0.37560675;0.14248593;0;0.48190734;pendientes;Local;Baja;;;
1391165;2025;Rayo Vallecano;Girona;0.45500705;0.20161721;0.34337574;0;0.45500705;pendientes;Local;Baja;;;
1391166;2025;Real Sociedad;Real Betis;0.3445631;0.33765602;0.3177809;0;0.3445631;pendientes;Local;Baja;;;
1391167;2025;Oviedo;Getafe;0.40707296;0.31454164;0.27838534;0;0.40707296;pendientes;Local;Baja;;;
1391168;2025;Sevilla;Espanyol;0.6030796;0.33937508;0.05754531;0;0.6030796;pendientes;Local;Media;;;
1391169;2025;Alaves;Barcelona;0.4997521;0.11523754;0.38501036;0;0.4997521;pendientes;Local;Baja;;;
1391170;2025;Real Betis;Elche;0.6814829;0.17888074;0.1396364;0;0.6814829;pendientes;Local;Alta;;;
1391171;2025;Celta Vigo;Levante;0.6295026;0.28536683;0.0851306;0;0.6295026;pendientes;Local;Media;;;
1391172;2025;Espanyol;Athletic Club;0.19014561;0.49741083;0.31244358;1;0.49741083;pendientes;Empate;Baja;;;
1391173;2025;Getafe;Mallorca;0.6172233;0.16547614;0.21730058;0;0.6172233;pendientes;Local;Media;;;
1391174;2025;Girona;Real Sociedad;0.45892102;0.35849586;0.18258317;0;0.45892102;pendientes;Local;Baja;;;
1391175;2025;Osasuna;Atletico Madrid;0.2953952;0.13697375;0.56763107;2;0.56763107;pendientes;Visitante;Media;;;
1391176;2025;Real Madrid;Oviedo;0.97157776;0.022096803;0.0063254936;0;0.97157776;pendientes;Local;Alta;;;
1391177;2025;Valencia;Rayo Vallecano;0.5834576;0.27042234;0.14612009;0;0.5834576;pendientes;Local;Media;;;
1391178;2025;Villarreal;Sevilla;0.16666302;0.35371017;0.47962677;2;0.47962677;pendientes;Visitante;Baja;;;
1391179;2025;Athletic Club;Celta Vigo;0.29554006;0.28310525;0.42135465;2;0.42135465;pendientes;Visitante;Baja;;;
1391180;2025;Atletico Madrid;Girona;0.72240037;0.1358028;0.14179683;0;0.72240037;pendientes;Local;Alta;;;
1391181;2025;Barcelona;Real Betis;0.52000976;0.32748505;0.15250517;0;0.52000976;pendientes;Local;Media;;;
1391182;2025;Elche;Getafe;0.75327;0.18492493;0.061805103;0;0.75327;pendientes;Local;Alta;;;
1391183;2025;Levante;Mallorca;0.45387664;0.32077038;0.22535302;0;0.45387664;pendientes;Local;Baja;;;
1391184;2025;Osasuna;Espanyol;0.5279691;0.35490754;0.117123306;0;0.5279691;pendientes;Local;Media;;;
1391185;2025;Rayo Vallecano;Villarreal;0.643242;0.26591188;0.090846166;0;0.643242;pendientes;Local;Media;;;
1391186;2025;Real Sociedad;Valencia;0.45166686;0.26460317;0.28373;0;0.45166686;pendientes;Local;Baja;;;
1391187;2025;Oviedo;Alaves;0.5328929;0.23908536;0.22802179;0;0.5328929;pendientes;Local;Media;;;
1391188;2025;Sevilla;Real Madrid;0.32398918;0.28794605;0.3880648;2;0.3880648;pendientes;Visitante;Baja;;;
1391189;2025;Alaves;Rayo Vallecano;0.6129308;0.27318197;0.11388726;0;0.6129308;pendientes;Local;Media;;;
1391190;2025;Real Betis;Levante;0.6535616;0.2818573;0.0645811;0;0.6535616;pendientes;Local;Alta;;;
1391191;2025;Celta Vigo;Sevilla;0.48551518;0.2623334;0.25215146;0;0.48551518;pendientes;Local;Baja;;;
1391192;2025;Espanyol;Real Sociedad;0.17416419;0.38087335;0.44496244;2;0.44496244;pendientes;Visitante;Baja;;;
1391193;2025;Getafe;Osasuna;0.42111924;0.2697662;0.30911458;0;0.42111924;pendientes;Local;Baja;;;
1391194;2025;Girona;Elche;0.6461041;0.113247216;0.24064866;0;0.6461041;pendientes;Local;Media;;;
1391195;2025;Mallorca;Oviedo;0.65955967;0.21994483;0.120495476;0;0.65955967;pendientes;Local;Alta;;;
1391196;2025;Real Madrid;Athletic Club;0.63200074;0.28274885;0.0852504;0;0.63200074;pendientes;Local;Media;;;
1391197;2025;Valencia;Barcelona;0.5266764;0.12939368;0.34392986;0;0.5266764;pendientes;Local;Media;;;
1391198;2025;Villarreal;Atletico Madrid;0.3481918;0.17614967;0.4756585;2;0.4756585;pendientes;Visitante;Baja;;;
