id_tiempo;anio;mes;nombre_mes;dia;nombre_dia;jornada
20150821;2015;8;Agosto;21;Viernes;1
20150822;2015;8;Agosto;22;Sábado;1
20150823;2015;8;Agosto;23;Domingo;1
20150824;2015;8;Agosto;24;Lunes;1
20150828;2015;8;Agosto;28;Viernes;2
20150829;2015;8;Agosto;29;Sábado;2
20150830;2015;8;Agosto;30;Domingo;2
20150911;2015;9;Septiembre;11;Viernes;3
20150912;2015;9;Septiembre;12;Sábado;3
20150913;2015;9;Septiembre;13;Domingo;3
20150914;2015;9;Septiembre;14;Lunes;3
20150918;2015;9;Septiembre;18;Viernes;4
20150919;2015;9;Septiembre;19;Sábado;4
20150920;2015;9;Septiembre;20;Domingo;4
20150922;2015;9;Septiembre;22;Martes;5
20150923;2015;9;Septiembre;23;Miércoles;5
20150924;2015;9;Septiembre;24;Jueves;5
20150925;2015;9;Septiembre;25;Viernes;6
20150926;2015;9;Septiembre;26;Sábado;6
20150927;2015;9;Septiembre;27;Domingo;6
20151002;2015;10;Octubre;2;Viernes;7
20151003;2015;10;Octubre;3;Sábado;7
20151004;2015;10;Octubre;4;Domingo;7
20151017;2015;10;Octubre;17;Sábado;8
20151018;2015;10;Octubre;18;Domingo;8
20151019;2015;10;Octubre;19;Lunes;8
20151023;2015;10;Octubre;23;Viernes;9
20151024;2015;10;Octubre;24;Sábado;9
20151025;2015;10;Octubre;25;Domingo;9
20151026;2015;10;Octubre;26;Lunes;9
20151030;2015;10;Octubre;30;Viernes;10
20151031;2015;10;Octubre;31;Sábado;10
20151101;2015;11;Noviembre;1;Domingo;10
20151106;2015;11;Noviembre;6;Viernes;11
20151107;2015;11;Noviembre;7;Sábado;11
20151108;2015;11;Noviembre;8;Domingo;11
20151121;2015;11;Noviembre;21;Sábado;12
20151122;2015;11;Noviembre;22;Domingo;12
20151123;2015;11;Noviembre;23;Lunes;12
20151127;2015;11;Noviembre;27;Viernes;13
20151128;2015;11;Noviembre;28;Sábado;13
20151129;2015;11;Noviembre;29;Domingo;13
20151205;2015;12;Diciembre;5;Sábado;14
20151206;2015;12;Diciembre;6;Domingo;14
20151207;2015;12;Diciembre;7;Lunes;14
20151211;2015;12;Diciembre;11;Viernes;15
20151212;2015;12;Diciembre;12;Sábado;15
20151213;2015;12;Diciembre;13;Domingo;15
20151219;2015;12;Diciembre;19;Sábado;16
20151220;2015;12;Diciembre;20;Domingo;16
20151230;2015;12;Diciembre;30;Miércoles;17
20151231;2015;12;Diciembre;31;Jueves;17
20160102;2016;1;Enero;2;Sábado;18
20160103;2016;1;Enero;3;Domingo;18
20160104;2016;1;Enero;4;Lunes;18
20160109;2016;1;Enero;9;Sábado;19
20160110;2016;1;Enero;10;Domingo;19
20160116;2016;1;Enero;16;Sábado;20
20160117;2016;1;Enero;17;Domingo;20
20160118;2016;1;Enero;18;Lunes;20
20160122;2016;1;Enero;22;Viernes;21
20160123;2016;1;Enero;23;Sábado;21
20160124;2016;1;Enero;24;Domingo;21
20160125;2016;1;Enero;25;Lunes;21
20160130;2016;1;Enero;30;Sábado;22
20160131;2016;1;Enero;31;Domingo;22
20160201;2016;2;Febrero;1;Lunes;22
20160205;2016;2;Febrero;5;Viernes;23
20160206;2016;2;Febrero;6;Sábado;23
20160207;2016;2;Febrero;7;Domingo;23
20160208;2016;2;Febrero;8;Lunes;23
20160212;2016;2;Febrero;12;Viernes;24
20160213;2016;2;Febrero;13;Sábado;24
20160214;2016;2;Febrero;14;Domingo;24
20160217;2016;2;Febrero;17;Miércoles;16
20160219;2016;2;Febrero;19;Viernes;25
20160220;2016;2;Febrero;20;Sábado;25
20160221;2016;2;Febrero;21;Domingo;25
20160226;2016;2;Febrero;26;Viernes;26
20160227;2016;2;Febrero;27;Sábado;26
20160228;2016;2;Febrero;28;Domingo;26
20160301;2016;3;Marzo;1;Martes;27
20160302;2016;3;Marzo;2;Miércoles;27
20160303;2016;3;Marzo;3;Jueves;27
20160305;2016;3;Marzo;5;Sábado;28
20160306;2016;3;Marzo;6;Domingo;28
20160307;2016;3;Marzo;7;Lunes;28
20160311;2016;3;Marzo;11;Viernes;29
20160312;2016;3;Marzo;12;Sábado;29
20160313;2016;3;Marzo;13;Domingo;29
20160314;2016;3;Marzo;14;Lunes;29
20160318;2016;3;Marzo;18;Viernes;30
20160319;2016;3;Marzo;19;Sábado;30
20160320;2016;3;Marzo;20;Domingo;30
20160401;2016;4;Abril;1;Viernes;31
20160402;2016;4;Abril;2;Sábado;31
20160403;2016;4;Abril;3;Domingo;31
20160404;2016;4;Abril;4;Lunes;31
20160408;2016;4;Abril;8;Viernes;32
20160409;2016;4;Abril;9;Sábado;32
20160410;2016;4;Abril;10;Domingo;32
20160411;2016;4;Abril;11;Lunes;32
20160415;2016;4;Abril;15;Viernes;33
20160416;2016;4;Abril;16;Sábado;33
20160417;2016;4;Abril;17;Domingo;33
20160419;2016;4;Abril;19;Martes;34
20160420;2016;4;Abril;20;Miércoles;34
20160421;2016;4;Abril;21;Jueves;34
20160422;2016;4;Abril;22;Viernes;35
20160423;2016;4;Abril;23;Sábado;35
20160424;2016;4;Abril;24;Domingo;35
20160425;2016;4;Abril;25;Lunes;35
20160429;2016;4;Abril;29;Viernes;36
20160430;2016;4;Abril;30;Sábado;36
20160501;2016;5;Mayo;1;Domingo;36
20160502;2016;5;Mayo;2;Lunes;36
20160508;2016;5;Mayo;8;Domingo;37
20160513;2016;5;Mayo;13;Viernes;38
20160514;2016;5;Mayo;14;Sábado;38
20160515;2016;5;Mayo;15;Domingo;38
20160819;2016;8;Agosto;19;Viernes;1
20160820;2016;8;Agosto;20;Sábado;1
20160821;2016;8;Agosto;21;Domingo;1
20160822;2016;8;Agosto;22;Lunes;1
20160826;2016;8;Agosto;26;Viernes;2
20160827;2016;8;Agosto;27;Sábado;2
20160828;2016;8;Agosto;28;Domingo;2
20160909;2016;9;Septiembre;9;Viernes;3
20160910;2016;9;Septiembre;10;Sábado;3
20160911;2016;9;Septiembre;11;Domingo;3
20160916;2016;9;Septiembre;16;Viernes;4
20160917;2016;9;Septiembre;17;Sábado;4
20160918;2016;9;Septiembre;18;Domingo;4
20160919;2016;9;Septiembre;19;Lunes;4
20160920;2016;9;Septiembre;20;Martes;5
20160921;2016;9;Septiembre;21;Miércoles;5
20160922;2016;9;Septiembre;22;Jueves;5
20160923;2016;9;Septiembre;23;Viernes;6
20160924;2016;9;Septiembre;24;Sábado;6
20160925;2016;9;Septiembre;25;Domingo;6
20160926;2016;9;Septiembre;26;Lunes;6
20160930;2016;9;Septiembre;30;Viernes;7
20161001;2016;10;Octubre;1;Sábado;7
20161002;2016;10;Octubre;2;Domingo;7
20161014;2016;10;Octubre;14;Viernes;8
20161015;2016;10;Octubre;15;Sábado;8
20161016;2016;10;Octubre;16;Domingo;8
20161017;2016;10;Octubre;17;Lunes;8
20161021;2016;10;Octubre;21;Viernes;9
20161022;2016;10;Octubre;22;Sábado;9
20161023;2016;10;Octubre;23;Domingo;9
20161028;2016;10;Octubre;28;Viernes;10
20161029;2016;10;Octubre;29;Sábado;10
20161030;2016;10;Octubre;30;Domingo;10
20161031;2016;10;Octubre;31;Lunes;10
20161104;2016;11;Noviembre;4;Viernes;11
20161105;2016;11;Noviembre;5;Sábado;11
20161106;2016;11;Noviembre;6;Domingo;11
20161118;2016;11;Noviembre;18;Viernes;12
20161119;2016;11;Noviembre;19;Sábado;12
20161120;2016;11;Noviembre;20;Domingo;12
20161121;2016;11;Noviembre;21;Lunes;12
20161125;2016;11;Noviembre;25;Viernes;13
20161126;2016;11;Noviembre;26;Sábado;13
20161127;2016;11;Noviembre;27;Domingo;13
20161128;2016;11;Noviembre;28;Lunes;13
20161203;2016;12;Diciembre;3;Sábado;14
20161204;2016;12;Diciembre;4;Domingo;14
20161205;2016;12;Diciembre;5;Lunes;14
20161209;2016;12;Diciembre;9;Viernes;15
20161210;2016;12;Diciembre;10;Sábado;15
20161211;2016;12;Diciembre;11;Domingo;15
20161212;2016;12;Diciembre;12;Lunes;15
20161216;2016;12;Diciembre;16;Viernes;16
20161217;2016;12;Diciembre;17;Sábado;16
20161218;2016;12;Diciembre;18;Domingo;16
20161219;2016;12;Diciembre;19;Lunes;16
20170106;2017;1;Enero;6;Viernes;17
20170107;2017;1;Enero;7;Sábado;17
20170108;2017;1;Enero;8;Domingo;17
20170109;2017;1;Enero;9;Lunes;17
20170114;2017;1;Enero;14;Sábado;18
20170115;2017;1;Enero;15;Domingo;18
20170116;2017;1;Enero;16;Lunes;18
20170120;2017;1;Enero;20;Viernes;19
20170121;2017;1;Enero;21;Sábado;19
20170122;2017;1;Enero;22;Domingo;19
20170127;2017;1;Enero;27;Viernes;20
20170128;2017;1;Enero;28;Sábado;20
20170129;2017;1;Enero;29;Domingo;20
20170130;2017;1;Enero;30;Lunes;20
20170204;2017;2;Febrero;4;Sábado;21
20170205;2017;2;Febrero;5;Domingo;21
20170206;2017;2;Febrero;6;Lunes;21
20170210;2017;2;Febrero;10;Viernes;22
20170211;2017;2;Febrero;11;Sábado;22
20170212;2017;2;Febrero;12;Domingo;22
20170213;2017;2;Febrero;13;Lunes;22
20170217;2017;2;Febrero;17;Viernes;23
20170218;2017;2;Febrero;18;Sábado;23
20170219;2017;2;Febrero;19;Domingo;23
20170220;2017;2;Febrero;20;Lunes;23
20170222;2017;2;Febrero;22;Miércoles;16
20170224;2017;2;Febrero;24;Viernes;24
20170225;2017;2;Febrero;25;Sábado;24
20170226;2017;2;Febrero;26;Domingo;24
20170228;2017;2;Febrero;28;Martes;25
20170301;2017;3;Marzo;1;Miércoles;25
20170302;2017;3;Marzo;2;Jueves;25
20170303;2017;3;Marzo;3;Viernes;26
20170304;2017;3;Marzo;4;Sábado;26
20170305;2017;3;Marzo;5;Domingo;26
20170306;2017;3;Marzo;6;Lunes;26
20170308;2017;3;Marzo;8;Miércoles;21
20170310;2017;3;Marzo;10;Viernes;27
20170311;2017;3;Marzo;11;Sábado;27
20170312;2017;3;Marzo;12;Domingo;27
20170313;2017;3;Marzo;13;Lunes;27
20170317;2017;3;Marzo;17;Viernes;28
20170318;2017;3;Marzo;18;Sábado;28
20170319;2017;3;Marzo;19;Domingo;28
20170331;2017;3;Marzo;31;Viernes;29
20170401;2017;4;Abril;1;Sábado;29
20170402;2017;4;Abril;2;Domingo;29
20170403;2017;4;Abril;3;Lunes;29
20170404;2017;4;Abril;4;Martes;30
20170405;2017;4;Abril;5;Miércoles;30
20170406;2017;4;Abril;6;Jueves;30
20170407;2017;4;Abril;7;Viernes;31
20170408;2017;4;Abril;8;Sábado;31
20170409;2017;4;Abril;9;Domingo;31
20170410;2017;4;Abril;10;Lunes;31
20170414;2017;4;Abril;14;Viernes;32
20170415;2017;4;Abril;15;Sábado;32
20170416;2017;4;Abril;16;Domingo;32
20170417;2017;4;Abril;17;Lunes;32
20170421;2017;4;Abril;21;Viernes;33
20170422;2017;4;Abril;22;Sábado;33
20170423;2017;4;Abril;23;Domingo;33
20170424;2017;4;Abril;24;Lunes;33
20170425;2017;4;Abril;25;Martes;34
20170426;2017;4;Abril;26;Miércoles;34
20170427;2017;4;Abril;27;Jueves;34
20170428;2017;4;Abril;28;Viernes;35
20170429;2017;4;Abril;29;Sábado;35
20170430;2017;4;Abril;30;Domingo;35
20170501;2017;5;Mayo;1;Lunes;35
20170505;2017;5;Mayo;5;Viernes;36
20170506;2017;5;Mayo;6;Sábado;36
20170507;2017;5;Mayo;7;Domingo;36
20170508;2017;5;Mayo;8;Lunes;36
20170513;2017;5;Mayo;13;Sábado;37
20170514;2017;5;Mayo;14;Domingo;37
20170517;2017;5;Mayo;17;Miércoles;21
20170519;2017;5;Mayo;19;Viernes;38
20170520;2017;5;Mayo;20;Sábado;38
20170521;2017;5;Mayo;21;Domingo;38
20170818;2017;8;Agosto;18;Viernes;1
20170819;2017;8;Agosto;19;Sábado;1
20170820;2017;8;Agosto;20;Domingo;1
20170821;2017;8;Agosto;21;Lunes;1
20170825;2017;8;Agosto;25;Viernes;2
20170826;2017;8;Agosto;26;Sábado;2
20170827;2017;8;Agosto;27;Domingo;2
20170908;2017;9;Septiembre;8;Viernes;3
20170909;2017;9;Septiembre;9;Sábado;3
20170910;2017;9;Septiembre;10;Domingo;3
20170911;2017;9;Septiembre;11;Lunes;3
20170915;2017;9;Septiembre;15;Viernes;4
20170916;2017;9;Septiembre;16;Sábado;4
20170917;2017;9;Septiembre;17;Domingo;4
20170918;2017;9;Septiembre;18;Lunes;4
20170919;2017;9;Septiembre;19;Martes;5
20170920;2017;9;Septiembre;20;Miércoles;5
20170921;2017;9;Septiembre;21;Jueves;5
20170923;2017;9;Septiembre;23;Sábado;6
20170924;2017;9;Septiembre;24;Domingo;6
20170925;2017;9;Septiembre;25;Lunes;6
20170929;2017;9;Septiembre;29;Viernes;7
20170930;2017;9;Septiembre;30;Sábado;7
20171001;2017;10;Octubre;1;Domingo;7
20171013;2017;10;Octubre;13;Viernes;8
20171014;2017;10;Octubre;14;Sábado;8
20171015;2017;10;Octubre;15;Domingo;8
20171016;2017;10;Octubre;16;Lunes;8
20171021;2017;10;Octubre;21;Sábado;9
20171022;2017;10;Octubre;22;Domingo;9
20171023;2017;10;Octubre;23;Lunes;9
20171028;2017;10;Octubre;28;Sábado;10
20171029;2017;10;Octubre;29;Domingo;10
20171030;2017;10;Octubre;30;Lunes;10
20171103;2017;11;Noviembre;3;Viernes;11
20171104;2017;11;Noviembre;4;Sábado;11
20171105;2017;11;Noviembre;5;Domingo;11
20171117;2017;11;Noviembre;17;Viernes;12
20171118;2017;11;Noviembre;18;Sábado;12
20171119;2017;11;Noviembre;19;Domingo;12
20171120;2017;11;Noviembre;20;Lunes;12
20171124;2017;11;Noviembre;24;Viernes;13
20171125;2017;11;Noviembre;25;Sábado;13
20171126;2017;11;Noviembre;26;Domingo;13
20171127;2017;11;Noviembre;27;Lunes;13
20171201;2017;12;Diciembre;1;Viernes;14
20171202;2017;12;Diciembre;2;Sábado;14
20171203;2017;12;Diciembre;3;Domingo;14
20171204;2017;12;Diciembre;4;Lunes;14
20171208;2017;12;Diciembre;8;Viernes;15
20171209;2017;12;Diciembre;9;Sábado;15
20171210;2017;12;Diciembre;10;Domingo;15
20171211;2017;12;Diciembre;11;Lunes;15
20171215;2017;12;Diciembre;15;Viernes;16
20171216;2017;12;Diciembre;16;Sábado;16
20171217;2017;12;Diciembre;17;Domingo;16
20171218;2017;12;Diciembre;18;Lunes;16
20171219;2017;12;Diciembre;19;Martes;17
20171220;2017;12;Diciembre;20;Miércoles;17
20171221;2017;12;Diciembre;21;Jueves;17
20171222;2017;12;Diciembre;22;Viernes;17
20171223;2017;12;Diciembre;23;Sábado;17
20180106;2018;1;Enero;6;Sábado;18
20180107;2018;1;Enero;7;Domingo;18
20180108;2018;1;Enero;8;Lunes;18
20180112;2018;1;Enero;12;Viernes;19
20180113;2018;1;Enero;13;Sábado;19
20180114;2018;1;Enero;14;Domingo;19
20180115;2018;1;Enero;15;Lunes;19
20180119;2018;1;Enero;19;Viernes;20
20180120;2018;1;Enero;20;Sábado;20
20180121;2018;1;Enero;21;Domingo;20
20180122;2018;1;Enero;22;Lunes;20
20180126;2018;1;Enero;26;Viernes;21
20180127;2018;1;Enero;27;Sábado;21
20180128;2018;1;Enero;28;Domingo;21
20180129;2018;1;Enero;29;Lunes;21
20180202;2018;2;Febrero;2;Viernes;22
20180203;2018;2;Febrero;3;Sábado;22
20180204;2018;2;Febrero;4;Domingo;22
20180205;2018;2;Febrero;5;Lunes;22
20180209;2018;2;Febrero;9;Viernes;23
20180210;2018;2;Febrero;10;Sábado;23
20180211;2018;2;Febrero;11;Domingo;23
20180212;2018;2;Febrero;12;Lunes;23
20180216;2018;2;Febrero;16;Viernes;24
20180217;2018;2;Febrero;17;Sábado;24
20180218;2018;2;Febrero;18;Domingo;24
20180219;2018;2;Febrero;19;Lunes;24
20180221;2018;2;Febrero;21;Miércoles;16
20180223;2018;2;Febrero;23;Viernes;25
20180224;2018;2;Febrero;24;Sábado;25
20180225;2018;2;Febrero;25;Domingo;25
20180226;2018;2;Febrero;26;Lunes;25
20180227;2018;2;Febrero;27;Martes;26
20180228;2018;2;Febrero;28;Miércoles;26
20180301;2018;3;Marzo;1;Jueves;26
20180303;2018;3;Marzo;3;Sábado;27
20180304;2018;3;Marzo;4;Domingo;27
20180305;2018;3;Marzo;5;Lunes;27
20180309;2018;3;Marzo;9;Viernes;28
20180310;2018;3;Marzo;10;Sábado;28
20180311;2018;3;Marzo;11;Domingo;28
20180312;2018;3;Marzo;12;Lunes;28
20180316;2018;3;Marzo;16;Viernes;29
20180317;2018;3;Marzo;17;Sábado;29
20180318;2018;3;Marzo;18;Domingo;29
20180331;2018;3;Marzo;31;Sábado;30
20180401;2018;4;Abril;1;Domingo;30
20180402;2018;4;Abril;2;Lunes;30
20180406;2018;4;Abril;6;Viernes;31
20180407;2018;4;Abril;7;Sábado;31
20180408;2018;4;Abril;8;Domingo;31
20180409;2018;4;Abril;9;Lunes;31
20180413;2018;4;Abril;13;Viernes;32
20180414;2018;4;Abril;14;Sábado;32
20180415;2018;4;Abril;15;Domingo;32
20180417;2018;4;Abril;17;Martes;33
20180418;2018;4;Abril;18;Miércoles;33
20180419;2018;4;Abril;19;Jueves;33
20180420;2018;4;Abril;20;Viernes;34
20180421;2018;4;Abril;21;Sábado;34
20180422;2018;4;Abril;22;Domingo;34
20180423;2018;4;Abril;23;Lunes;34
20180427;2018;4;Abril;27;Viernes;35
20180428;2018;4;Abril;28;Sábado;35
20180429;2018;4;Abril;29;Domingo;35
20180430;2018;4;Abril;30;Lunes;35
20180504;2018;5;Mayo;4;Viernes;36
20180505;2018;5;Mayo;5;Sábado;36
20180506;2018;5;Mayo;6;Domingo;36
20180507;2018;5;Mayo;7;Lunes;36
20180509;2018;5;Mayo;9;Miércoles;34
20180512;2018;5;Mayo;12;Sábado;37
20180513;2018;5;Mayo;13;Domingo;37
20180519;2018;5;Mayo;19;Sábado;38
20180520;2018;5;Mayo;20;Domingo;38
20180817;2018;8;Agosto;17;Viernes;1
20180818;2018;8;Agosto;18;Sábado;1
20180819;2018;8;Agosto;19;Domingo;1
20180820;2018;8;Agosto;20;Lunes;1
20180824;2018;8;Agosto;24;Viernes;2
20180825;2018;8;Agosto;25;Sábado;2
20180826;2018;8;Agosto;26;Domingo;2
20180827;2018;8;Agosto;27;Lunes;2
20180831;2018;8;Agosto;31;Viernes;3
20180901;2018;9;Septiembre;1;Sábado;3
20180902;2018;9;Septiembre;2;Domingo;3
20180914;2018;9;Septiembre;14;Viernes;4
20180915;2018;9;Septiembre;15;Sábado;4
20180916;2018;9;Septiembre;16;Domingo;4
20180917;2018;9;Septiembre;17;Lunes;4
20180921;2018;9;Septiembre;21;Viernes;5
20180922;2018;9;Septiembre;22;Sábado;5
20180923;2018;9;Septiembre;23;Domingo;5
20180925;2018;9;Septiembre;25;Martes;6
20180926;2018;9;Septiembre;26;Miércoles;6
20180927;2018;9;Septiembre;27;Jueves;6
20180928;2018;9;Septiembre;28;Viernes;7
20180929;2018;9;Septiembre;29;Sábado;7
20180930;2018;9;Septiembre;30;Domingo;7
20181001;2018;10;Octubre;1;Lunes;7
20181005;2018;10;Octubre;5;Viernes;8
20181006;2018;10;Octubre;6;Sábado;8
20181007;2018;10;Octubre;7;Domingo;8
20181019;2018;10;Octubre;19;Viernes;9
20181020;2018;10;Octubre;20;Sábado;9
20181021;2018;10;Octubre;21;Domingo;9
20181022;2018;10;Octubre;22;Lunes;9
20181024;2018;10;Octubre;24;Miércoles;3
20181026;2018;10;Octubre;26;Viernes;10
20181027;2018;10;Octubre;27;Sábado;10
20181028;2018;10;Octubre;28;Domingo;10
20181103;2018;11;Noviembre;3;Sábado;11
20181104;2018;11;Noviembre;4;Domingo;11
20181105;2018;11;Noviembre;5;Lunes;11
20181109;2018;11;Noviembre;9;Viernes;12
20181110;2018;11;Noviembre;10;Sábado;12
20181111;2018;11;Noviembre;11;Domingo;12
20181123;2018;11;Noviembre;23;Viernes;13
20181124;2018;11;Noviembre;24;Sábado;13
20181125;2018;11;Noviembre;25;Domingo;13
20181126;2018;11;Noviembre;26;Lunes;13
20181130;2018;11;Noviembre;30;Viernes;14
20181201;2018;12;Diciembre;1;Sábado;14
20181202;2018;12;Diciembre;2;Domingo;14
20181203;2018;12;Diciembre;3;Lunes;14
20181207;2018;12;Diciembre;7;Viernes;15
20181208;2018;12;Diciembre;8;Sábado;15
20181209;2018;12;Diciembre;9;Domingo;15
20181210;2018;12;Diciembre;10;Lunes;15
20181214;2018;12;Diciembre;14;Viernes;16
20181215;2018;12;Diciembre;15;Sábado;16
20181216;2018;12;Diciembre;16;Domingo;16
20181217;2018;12;Diciembre;17;Lunes;16
20181221;2018;12;Diciembre;21;Viernes;17
20181222;2018;12;Diciembre;22;Sábado;17
20181223;2018;12;Diciembre;23;Domingo;17
20190103;2019;1;Enero;3;Jueves;17
20190104;2019;1;Enero;4;Viernes;18
20190105;2019;1;Enero;5;Sábado;18
20190106;2019;1;Enero;6;Domingo;18
20190107;2019;1;Enero;7;Lunes;18
20190111;2019;1;Enero;11;Viernes;19
20190112;2019;1;Enero;12;Sábado;19
20190113;2019;1;Enero;13;Domingo;19
20190114;2019;1;Enero;14;Lunes;19
20190118;2019;1;Enero;18;Viernes;20
20190119;2019;1;Enero;19;Sábado;20
20190120;2019;1;Enero;20;Domingo;20
20190121;2019;1;Enero;21;Lunes;20
20190126;2019;1;Enero;26;Sábado;21
20190127;2019;1;Enero;27;Domingo;21
20190128;2019;1;Enero;28;Lunes;21
20190201;2019;2;Febrero;1;Viernes;22
20190202;2019;2;Febrero;2;Sábado;22
20190203;2019;2;Febrero;3;Domingo;22
20190204;2019;2;Febrero;4;Lunes;22
20190208;2019;2;Febrero;8;Viernes;23
20190209;2019;2;Febrero;9;Sábado;23
20190210;2019;2;Febrero;10;Domingo;23
20190211;2019;2;Febrero;11;Lunes;23
20190215;2019;2;Febrero;15;Viernes;24
20190216;2019;2;Febrero;16;Sábado;24
20190217;2019;2;Febrero;17;Domingo;24
20190218;2019;2;Febrero;18;Lunes;24
20190222;2019;2;Febrero;22;Viernes;25
20190223;2019;2;Febrero;23;Sábado;25
20190224;2019;2;Febrero;24;Domingo;25
20190225;2019;2;Febrero;25;Lunes;25
20190301;2019;3;Marzo;1;Viernes;26
20190302;2019;3;Marzo;2;Sábado;26
20190303;2019;3;Marzo;3;Domingo;26
20190304;2019;3;Marzo;4;Lunes;26
20190308;2019;3;Marzo;8;Viernes;27
20190309;2019;3;Marzo;9;Sábado;27
20190310;2019;3;Marzo;10;Domingo;27
20190315;2019;3;Marzo;15;Viernes;28
20190316;2019;3;Marzo;16;Sábado;28
20190317;2019;3;Marzo;17;Domingo;28
20190329;2019;3;Marzo;29;Viernes;29
20190330;2019;3;Marzo;30;Sábado;29
20190331;2019;3;Marzo;31;Domingo;29
20190402;2019;4;Abril;2;Martes;30
20190403;2019;4;Abril;3;Miércoles;30
20190404;2019;4;Abril;4;Jueves;30
20190406;2019;4;Abril;6;Sábado;31
20190407;2019;4;Abril;7;Domingo;31
20190413;2019;4;Abril;13;Sábado;32
20190414;2019;4;Abril;14;Domingo;32
20190415;2019;4;Abril;15;Lunes;32
20190419;2019;4;Abril;19;Viernes;33
20190420;2019;4;Abril;20;Sábado;33
20190421;2019;4;Abril;21;Domingo;33
20190423;2019;4;Abril;23;Martes;34
20190424;2019;4;Abril;24;Miércoles;34
20190425;2019;4;Abril;25;Jueves;34
20190427;2019;4;Abril;27;Sábado;35
20190428;2019;4;Abril;28;Domingo;35
20190429;2019;4;Abril;29;Lunes;35
20190503;2019;5;Mayo;3;Viernes;36
20190504;2019;5;Mayo;4;Sábado;36
20190505;2019;5;Mayo;5;Domingo;36
20190512;2019;5;Mayo;12;Domingo;37
20190518;2019;5;Mayo;18;Sábado;38
20190519;2019;5;Mayo;19;Domingo;38
20190816;2019;8;Agosto;16;Viernes;1
20190817;2019;8;Agosto;17;Sábado;1
20190818;2019;8;Agosto;18;Domingo;1
20190823;2019;8;Agosto;23;Viernes;2
20190824;2019;8;Agosto;24;Sábado;2
20190825;2019;8;Agosto;25;Domingo;2
20190830;2019;8;Agosto;30;Viernes;3
20190831;2019;8;Agosto;31;Sábado;3
20190901;2019;9;Septiembre;1;Domingo;3
20190913;2019;9;Septiembre;13;Viernes;4
20190914;2019;9;Septiembre;14;Sábado;4
20190915;2019;9;Septiembre;15;Domingo;4
20190920;2019;9;Septiembre;20;Viernes;5
20190921;2019;9;Septiembre;21;Sábado;5
20190922;2019;9;Septiembre;22;Domingo;5
20190924;2019;9;Septiembre;24;Martes;6
20190925;2019;9;Septiembre;25;Miércoles;6
20190926;2019;9;Septiembre;26;Jueves;6
20190927;2019;9;Septiembre;27;Viernes;7
20190928;2019;9;Septiembre;28;Sábado;7
20190929;2019;9;Septiembre;29;Domingo;7
20191004;2019;10;Octubre;4;Viernes;8
20191005;2019;10;Octubre;5;Sábado;8
20191006;2019;10;Octubre;6;Domingo;8
20191018;2019;10;Octubre;18;Viernes;9
20191019;2019;10;Octubre;19;Sábado;9
20191020;2019;10;Octubre;20;Domingo;9
20191025;2019;10;Octubre;25;Viernes;10
20191026;2019;10;Octubre;26;Sábado;10
20191027;2019;10;Octubre;27;Domingo;10
20191029;2019;10;Octubre;29;Martes;11
20191030;2019;10;Octubre;30;Miércoles;11
20191031;2019;10;Octubre;31;Jueves;11
20191102;2019;11;Noviembre;2;Sábado;12
20191103;2019;11;Noviembre;3;Domingo;12
20191108;2019;11;Noviembre;8;Viernes;13
20191109;2019;11;Noviembre;9;Sábado;13
20191110;2019;11;Noviembre;10;Domingo;13
20191122;2019;11;Noviembre;22;Viernes;14
20191123;2019;11;Noviembre;23;Sábado;14
20191124;2019;11;Noviembre;24;Domingo;14
20191129;2019;11;Noviembre;29;Viernes;15
20191130;2019;11;Noviembre;30;Sábado;15
20191201;2019;12;Diciembre;1;Domingo;15
20191206;2019;12;Diciembre;6;Viernes;16
20191207;2019;12;Diciembre;7;Sábado;16
20191208;2019;12;Diciembre;8;Domingo;16
20191213;2019;12;Diciembre;13;Viernes;17
20191214;2019;12;Diciembre;14;Sábado;17
20191215;2019;12;Diciembre;15;Domingo;17
20191218;2019;12;Diciembre;18;Miércoles;10
20191220;2019;12;Diciembre;20;Viernes;18
20191221;2019;12;Diciembre;21;Sábado;18
20191222;2019;12;Diciembre;22;Domingo;18
20200103;2020;1;Enero;3;Viernes;19
20200104;2020;1;Enero;4;Sábado;19
20200105;2020;1;Enero;5;Domingo;19
20200117;2020;1;Enero;17;Viernes;20
20200118;2020;1;Enero;18;Sábado;20
20200119;2020;1;Enero;19;Domingo;20
20200124;2020;1;Enero;24;Viernes;21
20200125;2020;1;Enero;25;Sábado;21
20200126;2020;1;Enero;26;Domingo;21
20200201;2020;2;Febrero;1;Sábado;22
20200202;2020;2;Febrero;2;Domingo;22
20200207;2020;2;Febrero;7;Viernes;23
20200208;2020;2;Febrero;8;Sábado;23
20200209;2020;2;Febrero;9;Domingo;23
20200214;2020;2;Febrero;14;Viernes;24
20200215;2020;2;Febrero;15;Sábado;24
20200216;2020;2;Febrero;16;Domingo;24
20200221;2020;2;Febrero;21;Viernes;25
20200222;2020;2;Febrero;22;Sábado;25
20200223;2020;2;Febrero;23;Domingo;25
20200228;2020;2;Febrero;28;Viernes;26
20200229;2020;2;Febrero;29;Sábado;26
20200301;2020;3;Marzo;1;Domingo;26
20200306;2020;3;Marzo;6;Viernes;27
20200307;2020;3;Marzo;7;Sábado;27
20200308;2020;3;Marzo;8;Domingo;27
20200310;2020;3;Marzo;10;Martes;24
20200611;2020;6;Junio;11;Jueves;28
20200612;2020;6;Junio;12;Viernes;28
20200613;2020;6;Junio;13;Sábado;28
20200614;2020;6;Junio;14;Domingo;28
20200615;2020;6;Junio;15;Lunes;29
20200616;2020;6;Junio;16;Martes;29
20200617;2020;6;Junio;17;Miércoles;29
20200618;2020;6;Junio;18;Jueves;29
20200619;2020;6;Junio;19;Viernes;30
20200620;2020;6;Junio;20;Sábado;30
20200621;2020;6;Junio;21;Domingo;30
20200622;2020;6;Junio;22;Lunes;31
20200623;2020;6;Junio;23;Martes;31
20200624;2020;6;Junio;24;Miércoles;31
20200625;2020;6;Junio;25;Jueves;31
20200626;2020;6;Junio;26;Viernes;32
20200627;2020;6;Junio;27;Sábado;32
20200628;2020;6;Junio;28;Domingo;32
20200629;2020;6;Junio;29;Lunes;32
20200630;2020;6;Junio;30;Martes;33
20200701;2020;7;Julio;1;Miércoles;33
20200702;2020;7;Julio;2;Jueves;33
20200703;2020;7;Julio;3;Viernes;34
20200704;2020;7;Julio;4;Sábado;34
20200705;2020;7;Julio;5;Domingo;34
20200706;2020;7;Julio;6;Lunes;34
20200707;2020;7;Julio;7;Martes;35
20200708;2020;7;Julio;8;Miércoles;35
20200709;2020;7;Julio;9;Jueves;35
20200710;2020;7;Julio;10;Viernes;35
20200711;2020;7;Julio;11;Sábado;36
20200712;2020;7;Julio;12;Domingo;36
20200713;2020;7;Julio;13;Lunes;36
20200716;2020;7;Julio;16;Jueves;37
20200719;2020;7;Julio;19;Domingo;38
20200912;2020;9;Septiembre;12;Sábado;1
20200913;2020;9;Septiembre;13;Domingo;1
20200919;2020;9;Septiembre;19;Sábado;2
20200920;2020;9;Septiembre;20;Domingo;2
20200926;2020;9;Septiembre;26;Sábado;3
20200927;2020;9;Septiembre;27;Domingo;3
20200929;2020;9;Septiembre;29;Martes;4
20200930;2020;9;Septiembre;30;Miércoles;4
20201001;2020;10;Octubre;1;Jueves;4
20201003;2020;10;Octubre;3;Sábado;5
20201004;2020;10;Octubre;4;Domingo;5
20201017;2020;10;Octubre;17;Sábado;6
20201018;2020;10;Octubre;18;Domingo;6
20201023;2020;10;Octubre;23;Viernes;7
20201024;2020;10;Octubre;24;Sábado;7
20201025;2020;10;Octubre;25;Domingo;7
20201026;2020;10;Octubre;26;Lunes;7
20201030;2020;10;Octubre;30;Viernes;8
20201031;2020;10;Octubre;31;Sábado;8
20201101;2020;11;Noviembre;1;Domingo;8
20201102;2020;11;Noviembre;2;Lunes;8
20201106;2020;11;Noviembre;6;Viernes;9
20201107;2020;11;Noviembre;7;Sábado;9
20201108;2020;11;Noviembre;8;Domingo;9
20201120;2020;11;Noviembre;20;Viernes;10
20201121;2020;11;Noviembre;21;Sábado;10
20201122;2020;11;Noviembre;22;Domingo;10
20201123;2020;11;Noviembre;23;Lunes;10
20201127;2020;11;Noviembre;27;Viernes;11
20201128;2020;11;Noviembre;28;Sábado;11
20201129;2020;11;Noviembre;29;Domingo;11
20201130;2020;11;Noviembre;30;Lunes;11
20201204;2020;12;Diciembre;4;Viernes;12
20201205;2020;12;Diciembre;5;Sábado;12
20201206;2020;12;Diciembre;6;Domingo;12
20201207;2020;12;Diciembre;7;Lunes;12
20201211;2020;12;Diciembre;11;Viernes;13
20201212;2020;12;Diciembre;12;Sábado;13
20201213;2020;12;Diciembre;13;Domingo;13
20201214;2020;12;Diciembre;14;Lunes;13
20201215;2020;12;Diciembre;15;Martes;19
20201216;2020;12;Diciembre;16;Miércoles;19
20201218;2020;12;Diciembre;18;Viernes;14
20201219;2020;12;Diciembre;19;Sábado;14
20201220;2020;12;Diciembre;20;Domingo;14
20201222;2020;12;Diciembre;22;Martes;15
20201223;2020;12;Diciembre;23;Miércoles;15
20201229;2020;12;Diciembre;29;Martes;16
20201230;2020;12;Diciembre;30;Miércoles;16
20201231;2020;12;Diciembre;31;Jueves;16
20210102;2021;1;Enero;2;Sábado;17
20210103;2021;1;Enero;3;Domingo;17
20210104;2021;1;Enero;4;Lunes;17
20210106;2021;1;Enero;6;Miércoles;2
20210108;2021;1;Enero;8;Viernes;18
20210109;2021;1;Enero;9;Sábado;18
20210110;2021;1;Enero;10;Domingo;18
20210111;2021;1;Enero;11;Lunes;18
20210112;2021;1;Enero;12;Martes;4
20210119;2021;1;Enero;19;Martes;19
20210120;2021;1;Enero;20;Miércoles;19
20210121;2021;1;Enero;21;Jueves;19
20210122;2021;1;Enero;22;Viernes;20
20210123;2021;1;Enero;23;Sábado;20
20210124;2021;1;Enero;24;Domingo;20
20210125;2021;1;Enero;25;Lunes;20
20210129;2021;1;Enero;29;Viernes;21
20210130;2021;1;Enero;30;Sábado;21
20210131;2021;1;Enero;31;Domingo;21
20210201;2021;2;Febrero;1;Lunes;21
20210205;2021;2;Febrero;5;Viernes;22
20210206;2021;2;Febrero;6;Sábado;22
20210207;2021;2;Febrero;7;Domingo;22
20210208;2021;2;Febrero;8;Lunes;22
20210209;2021;2;Febrero;9;Martes;1
20210212;2021;2;Febrero;12;Viernes;23
20210213;2021;2;Febrero;13;Sábado;23
20210214;2021;2;Febrero;14;Domingo;23
20210215;2021;2;Febrero;15;Lunes;23
20210217;2021;2;Febrero;17;Miércoles;2
20210219;2021;2;Febrero;19;Viernes;24
20210220;2021;2;Febrero;20;Sábado;24
20210221;2021;2;Febrero;21;Domingo;24
20210222;2021;2;Febrero;22;Lunes;24
20210224;2021;2;Febrero;24;Miércoles;1
20210226;2021;2;Febrero;26;Viernes;25
20210227;2021;2;Febrero;27;Sábado;25
20210228;2021;2;Febrero;28;Domingo;25
20210301;2021;3;Marzo;1;Lunes;25
20210305;2021;3;Marzo;5;Viernes;26
20210306;2021;3;Marzo;6;Sábado;26
20210307;2021;3;Marzo;7;Domingo;26
20210308;2021;3;Marzo;8;Lunes;26
20210310;2021;3;Marzo;10;Miércoles;18
20210312;2021;3;Marzo;12;Viernes;27
20210313;2021;3;Marzo;13;Sábado;27
20210314;2021;3;Marzo;14;Domingo;27
20210315;2021;3;Marzo;15;Lunes;27
20210317;2021;3;Marzo;17;Miércoles;2
20210319;2021;3;Marzo;19;Viernes;28
20210320;2021;3;Marzo;20;Sábado;28
20210321;2021;3;Marzo;21;Domingo;28
20210402;2021;4;Abril;2;Viernes;29
20210403;2021;4;Abril;3;Sábado;29
20210404;2021;4;Abril;4;Domingo;29
20210405;2021;4;Abril;5;Lunes;29
20210407;2021;4;Abril;7;Miércoles;29
20210409;2021;4;Abril;9;Viernes;30
20210410;2021;4;Abril;10;Sábado;30
20210411;2021;4;Abril;11;Domingo;30
20210412;2021;4;Abril;12;Lunes;30
20210418;2021;4;Abril;18;Domingo;33
20210421;2021;4;Abril;21;Miércoles;31
20210422;2021;4;Abril;22;Jueves;31
20210424;2021;4;Abril;24;Sábado;32
20210425;2021;4;Abril;25;Domingo;32
20210426;2021;4;Abril;26;Lunes;32
20210428;2021;4;Abril;28;Miércoles;33
20210429;2021;4;Abril;29;Jueves;33
20210430;2021;4;Abril;30;Viernes;34
20210501;2021;5;Mayo;1;Sábado;34
20210502;2021;5;Mayo;2;Domingo;34
20210503;2021;5;Mayo;3;Lunes;34
20210507;2021;5;Mayo;7;Viernes;35
20210508;2021;5;Mayo;8;Sábado;35
20210509;2021;5;Mayo;9;Domingo;35
20210510;2021;5;Mayo;10;Lunes;35
20210511;2021;5;Mayo;11;Martes;36
20210512;2021;5;Mayo;12;Miércoles;36
20210513;2021;5;Mayo;13;Jueves;36
20210516;2021;5;Mayo;16;Domingo;37
20210521;2021;5;Mayo;21;Viernes;38
20210522;2021;5;Mayo;22;Sábado;38
20210523;2021;5;Mayo;23;Domingo;38
20210813;2021;8;Agosto;13;Viernes;1
20210814;2021;8;Agosto;14;Sábado;1
20210815;2021;8;Agosto;15;Domingo;1
20210816;2021;8;Agosto;16;Lunes;1
20210820;2021;8;Agosto;20;Viernes;2
20210821;2021;8;Agosto;21;Sábado;2
20210822;2021;8;Agosto;22;Domingo;2
20210823;2021;8;Agosto;23;Lunes;2
20210827;2021;8;Agosto;27;Viernes;3
20210828;2021;8;Agosto;28;Sábado;3
20210829;2021;8;Agosto;29;Domingo;3
20210911;2021;9;Septiembre;11;Sábado;4
20210912;2021;9;Septiembre;12;Domingo;4
20210913;2021;9;Septiembre;13;Lunes;4
20210917;2021;9;Septiembre;17;Viernes;5
20210918;2021;9;Septiembre;18;Sábado;5
20210919;2021;9;Septiembre;19;Domingo;5
20210920;2021;9;Septiembre;20;Lunes;5
20210921;2021;9;Septiembre;21;Martes;6
20210922;2021;9;Septiembre;22;Miércoles;6
20210923;2021;9;Septiembre;23;Jueves;6
20210925;2021;9;Septiembre;25;Sábado;7
20210926;2021;9;Septiembre;26;Domingo;7
20210927;2021;9;Septiembre;27;Lunes;7
20211001;2021;10;Octubre;1;Viernes;8
20211002;2021;10;Octubre;2;Sábado;8
20211003;2021;10;Octubre;3;Domingo;8
20211016;2021;10;Octubre;16;Sábado;9
20211017;2021;10;Octubre;17;Domingo;9
20211018;2021;10;Octubre;18;Lunes;9
20211022;2021;10;Octubre;22;Viernes;10
20211023;2021;10;Octubre;23;Sábado;10
20211024;2021;10;Octubre;24;Domingo;10
20211025;2021;10;Octubre;25;Lunes;10
20211026;2021;10;Octubre;26;Martes;11
20211027;2021;10;Octubre;27;Miércoles;11
20211028;2021;10;Octubre;28;Jueves;11
20211030;2021;10;Octubre;30;Sábado;12
20211031;2021;10;Octubre;31;Domingo;12
20211101;2021;11;Noviembre;1;Lunes;12
20211105;2021;11;Noviembre;5;Viernes;13
20211106;2021;11;Noviembre;6;Sábado;13
20211107;2021;11;Noviembre;7;Domingo;13
20211119;2021;11;Noviembre;19;Viernes;14
20211120;2021;11;Noviembre;20;Sábado;14
20211121;2021;11;Noviembre;21;Domingo;14
20211122;2021;11;Noviembre;22;Lunes;14
20211126;2021;11;Noviembre;26;Viernes;15
20211127;2021;11;Noviembre;27;Sábado;15
20211128;2021;11;Noviembre;28;Domingo;15
20211129;2021;11;Noviembre;29;Lunes;15
20211201;2021;12;Diciembre;1;Miércoles;9
20211203;2021;12;Diciembre;3;Viernes;16
20211204;2021;12;Diciembre;4;Sábado;16
20211205;2021;12;Diciembre;5;Domingo;16
20211206;2021;12;Diciembre;6;Lunes;16
20211210;2021;12;Diciembre;10;Viernes;17
20211211;2021;12;Diciembre;11;Sábado;17
20211212;2021;12;Diciembre;12;Domingo;17
20211213;2021;12;Diciembre;13;Lunes;17
20211217;2021;12;Diciembre;17;Viernes;18
20211218;2021;12;Diciembre;18;Sábado;18
20211219;2021;12;Diciembre;19;Domingo;18
20211220;2021;12;Diciembre;20;Lunes;18
20211221;2021;12;Diciembre;21;Martes;4
20211222;2021;12;Diciembre;22;Miércoles;9
20211231;2021;12;Diciembre;31;Viernes;19
20220102;2022;1;Enero;2;Domingo;19
20220103;2022;1;Enero;3;Lunes;19
20220108;2022;1;Enero;8;Sábado;20
20220109;2022;1;Enero;9;Domingo;20
20220110;2022;1;Enero;10;Lunes;20
20220116;2022;1;Enero;16;Domingo;21
20220118;2022;1;Enero;18;Martes;21
20220119;2022;1;Enero;19;Miércoles;21
20220120;2022;1;Enero;20;Jueves;21
20220121;2022;1;Enero;21;Viernes;22
20220122;2022;1;Enero;22;Sábado;22
20220123;2022;1;Enero;23;Domingo;22
20220204;2022;2;Febrero;4;Viernes;23
20220205;2022;2;Febrero;5;Sábado;23
20220206;2022;2;Febrero;6;Domingo;23
20220207;2022;2;Febrero;7;Lunes;23
20220211;2022;2;Febrero;11;Viernes;24
20220212;2022;2;Febrero;12;Sábado;24
20220213;2022;2;Febrero;13;Domingo;24
20220214;2022;2;Febrero;14;Lunes;24
20220216;2022;2;Febrero;16;Miércoles;21
20220218;2022;2;Febrero;18;Viernes;25
20220219;2022;2;Febrero;19;Sábado;25
20220220;2022;2;Febrero;20;Domingo;25
20220221;2022;2;Febrero;21;Lunes;25
20220225;2022;2;Febrero;25;Viernes;26
20220226;2022;2;Febrero;26;Sábado;26
20220227;2022;2;Febrero;27;Domingo;26
20220228;2022;2;Febrero;28;Lunes;26
20220302;2022;3;Marzo;2;Miércoles;21
20220304;2022;3;Marzo;4;Viernes;27
20220305;2022;3;Marzo;5;Sábado;27
20220306;2022;3;Marzo;6;Domingo;27
20220307;2022;3;Marzo;7;Lunes;27
20220311;2022;3;Marzo;11;Viernes;28
20220312;2022;3;Marzo;12;Sábado;28
20220313;2022;3;Marzo;13;Domingo;28
20220314;2022;3;Marzo;14;Lunes;28
20220318;2022;3;Marzo;18;Viernes;29
20220319;2022;3;Marzo;19;Sábado;29
20220320;2022;3;Marzo;20;Domingo;29
20220402;2022;4;Abril;2;Sábado;30
20220403;2022;4;Abril;3;Domingo;30
20220404;2022;4;Abril;4;Lunes;30
20220408;2022;4;Abril;8;Viernes;31
20220409;2022;4;Abril;9;Sábado;31
20220410;2022;4;Abril;10;Domingo;31
20220411;2022;4;Abril;11;Lunes;31
20220415;2022;4;Abril;15;Viernes;32
20220416;2022;4;Abril;16;Sábado;32
20220417;2022;4;Abril;17;Domingo;32
20220418;2022;4;Abril;18;Lunes;32
20220419;2022;4;Abril;19;Martes;33
20220420;2022;4;Abril;20;Miércoles;33
20220421;2022;4;Abril;21;Jueves;33
20220424;2022;4;Abril;24;Domingo;21
20220429;2022;4;Abril;29;Viernes;34
20220430;2022;4;Abril;30;Sábado;34
20220501;2022;5;Mayo;1;Domingo;34
20220502;2022;5;Mayo;2;Lunes;34
20220506;2022;5;Mayo;6;Viernes;35
20220507;2022;5;Mayo;7;Sábado;35
20220508;2022;5;Mayo;8;Domingo;35
20220510;2022;5;Mayo;10;Martes;36
20220511;2022;5;Mayo;11;Miércoles;36
20220512;2022;5;Mayo;12;Jueves;36
20220514;2022;5;Mayo;14;Sábado;37
20220515;2022;5;Mayo;15;Domingo;37
20220520;2022;5;Mayo;20;Viernes;38
20220521;2022;5;Mayo;21;Sábado;38
20220522;2022;5;Mayo;22;Domingo;38
20220812;2022;8;Agosto;12;Viernes;1
20220813;2022;8;Agosto;13;Sábado;1
20220814;2022;8;Agosto;14;Domingo;1
20220815;2022;8;Agosto;15;Lunes;1
20220819;2022;8;Agosto;19;Viernes;2
20220820;2022;8;Agosto;20;Sábado;2
20220821;2022;8;Agosto;21;Domingo;2
20220822;2022;8;Agosto;22;Lunes;2
20220826;2022;8;Agosto;26;Viernes;3
20220827;2022;8;Agosto;27;Sábado;3
20220828;2022;8;Agosto;28;Domingo;3
20220829;2022;8;Agosto;29;Lunes;3
20220902;2022;9;Septiembre;2;Viernes;4
20220903;2022;9;Septiembre;3;Sábado;4
20220904;2022;9;Septiembre;4;Domingo;4
20220905;2022;9;Septiembre;5;Lunes;4
20220909;2022;9;Septiembre;9;Viernes;5
20220910;2022;9;Septiembre;10;Sábado;5
20220911;2022;9;Septiembre;11;Domingo;5
20220912;2022;9;Septiembre;12;Lunes;5
20220916;2022;9;Septiembre;16;Viernes;6
20220917;2022;9;Septiembre;17;Sábado;6
20220918;2022;9;Septiembre;18;Domingo;6
20220930;2022;9;Septiembre;30;Viernes;7
20221001;2022;10;Octubre;1;Sábado;7
20221002;2022;10;Octubre;2;Domingo;7
20221003;2022;10;Octubre;3;Lunes;7
20221007;2022;10;Octubre;7;Viernes;8
20221008;2022;10;Octubre;8;Sábado;8
20221009;2022;10;Octubre;9;Domingo;8
20221010;2022;10;Octubre;10;Lunes;8
20221014;2022;10;Octubre;14;Viernes;9
20221015;2022;10;Octubre;15;Sábado;9
20221016;2022;10;Octubre;16;Domingo;9
20221017;2022;10;Octubre;17;Lunes;9
20221018;2022;10;Octubre;18;Martes;10
20221019;2022;10;Octubre;19;Miércoles;10
20221020;2022;10;Octubre;20;Jueves;10
20221022;2022;10;Octubre;22;Sábado;11
20221023;2022;10;Octubre;23;Domingo;11
20221024;2022;10;Octubre;24;Lunes;11
20221028;2022;10;Octubre;28;Viernes;12
20221029;2022;10;Octubre;29;Sábado;12
20221030;2022;10;Octubre;30;Domingo;12
20221031;2022;10;Octubre;31;Lunes;12
20221104;2022;11;Noviembre;4;Viernes;13
20221105;2022;11;Noviembre;5;Sábado;13
20221106;2022;11;Noviembre;6;Domingo;13
20221107;2022;11;Noviembre;7;Lunes;13
20221108;2022;11;Noviembre;8;Martes;14
20221109;2022;11;Noviembre;9;Miércoles;14
20221110;2022;11;Noviembre;10;Jueves;14
20221229;2022;12;Diciembre;29;Jueves;15
20221230;2022;12;Diciembre;30;Viernes;15
20221231;2022;12;Diciembre;31;Sábado;15
20230106;2023;1;Enero;6;Viernes;16
20230107;2023;1;Enero;7;Sábado;16
20230108;2023;1;Enero;8;Domingo;16
20230109;2023;1;Enero;9;Lunes;16
20230113;2023;1;Enero;13;Viernes;17
20230114;2023;1;Enero;14;Sábado;17
20230115;2023;1;Enero;15;Domingo;17
20230116;2023;1;Enero;16;Lunes;17
20230120;2023;1;Enero;20;Viernes;18
20230121;2023;1;Enero;21;Sábado;18
20230122;2023;1;Enero;22;Domingo;18
20230123;2023;1;Enero;23;Lunes;18
20230127;2023;1;Enero;27;Viernes;19
20230128;2023;1;Enero;28;Sábado;19
20230129;2023;1;Enero;29;Domingo;19
20230130;2023;1;Enero;30;Lunes;19
20230201;2023;2;Febrero;1;Miércoles;17
20230202;2023;2;Febrero;2;Jueves;17
20230203;2023;2;Febrero;3;Viernes;20
20230204;2023;2;Febrero;4;Sábado;20
20230205;2023;2;Febrero;5;Domingo;20
20230206;2023;2;Febrero;6;Lunes;20
20230210;2023;2;Febrero;10;Viernes;21
20230211;2023;2;Febrero;11;Sábado;21
20230212;2023;2;Febrero;12;Domingo;21
20230213;2023;2;Febrero;13;Lunes;21
20230215;2023;2;Febrero;15;Miércoles;21
20230217;2023;2;Febrero;17;Viernes;22
20230218;2023;2;Febrero;18;Sábado;22
20230219;2023;2;Febrero;19;Domingo;22
20230220;2023;2;Febrero;20;Lunes;22
20230224;2023;2;Febrero;24;Viernes;23
20230225;2023;2;Febrero;25;Sábado;23
20230226;2023;2;Febrero;26;Domingo;23
20230227;2023;2;Febrero;27;Lunes;23
20230303;2023;3;Marzo;3;Viernes;24
20230304;2023;3;Marzo;4;Sábado;24
20230305;2023;3;Marzo;5;Domingo;24
20230306;2023;3;Marzo;6;Lunes;24
20230310;2023;3;Marzo;10;Viernes;25
20230311;2023;3;Marzo;11;Sábado;25
20230312;2023;3;Marzo;12;Domingo;25
20230313;2023;3;Marzo;13;Lunes;25
20230317;2023;3;Marzo;17;Viernes;26
20230318;2023;3;Marzo;18;Sábado;26
20230319;2023;3;Marzo;19;Domingo;26
20230331;2023;3;Marzo;31;Viernes;27
20230401;2023;4;Abril;1;Sábado;27
20230402;2023;4;Abril;2;Domingo;27
20230403;2023;4;Abril;3;Lunes;27
20230407;2023;4;Abril;7;Viernes;28
20230408;2023;4;Abril;8;Sábado;28
20230409;2023;4;Abril;9;Domingo;28
20230410;2023;4;Abril;10;Lunes;28
20230414;2023;4;Abril;14;Viernes;29
20230415;2023;4;Abril;15;Sábado;29
20230416;2023;4;Abril;16;Domingo;29
20230417;2023;4;Abril;17;Lunes;29
20230421;2023;4;Abril;21;Viernes;30
20230422;2023;4;Abril;22;Sábado;30
20230423;2023;4;Abril;23;Domingo;30
20230425;2023;4;Abril;25;Martes;31
20230426;2023;4;Abril;26;Miércoles;31
20230427;2023;4;Abril;27;Jueves;31
20230428;2023;4;Abril;28;Viernes;32
20230429;2023;4;Abril;29;Sábado;32
20230430;2023;4;Abril;30;Domingo;32
20230501;2023;5;Mayo;1;Lunes;32
20230502;2023;5;Mayo;2;Martes;33
20230503;2023;5;Mayo;3;Miércoles;33
20230504;2023;5;Mayo;4;Jueves;33
20230512;2023;5;Mayo;12;Viernes;34
20230513;2023;5;Mayo;13;Sábado;34
20230514;2023;5;Mayo;14;Domingo;34
20230515;2023;5;Mayo;15;Lunes;34
20230519;2023;5;Mayo;19;Viernes;35
20230520;2023;5;Mayo;20;Sábado;35
20230521;2023;5;Mayo;21;Domingo;35
20230523;2023;5;Mayo;23;Martes;36
20230524;2023;5;Mayo;24;Miércoles;36
20230525;2023;5;Mayo;25;Jueves;36
20230527;2023;5;Mayo;27;Sábado;37
20230528;2023;5;Mayo;28;Domingo;37
20230604;2023;6;Junio;4;Domingo;38
20230811;2023;8;Agosto;11;Viernes;1
20230812;2023;8;Agosto;12;Sábado;1
20230813;2023;8;Agosto;13;Domingo;1
20230814;2023;8;Agosto;14;Lunes;1
20230818;2023;8;Agosto;18;Viernes;2
20230819;2023;8;Agosto;19;Sábado;2
20230820;2023;8;Agosto;20;Domingo;2
20230821;2023;8;Agosto;21;Lunes;2
20230825;2023;8;Agosto;25;Viernes;3
20230826;2023;8;Agosto;26;Sábado;3
20230827;2023;8;Agosto;27;Domingo;3
20230828;2023;8;Agosto;28;Lunes;3
20230901;2023;9;Septiembre;1;Viernes;4
20230902;2023;9;Septiembre;2;Sábado;4
20230903;2023;9;Septiembre;3;Domingo;4
20230915;2023;9;Septiembre;15;Viernes;5
20230916;2023;9;Septiembre;16;Sábado;5
20230917;2023;9;Septiembre;17;Domingo;5
20230918;2023;9;Septiembre;18;Lunes;5
20230922;2023;9;Septiembre;22;Viernes;6
20230923;2023;9;Septiembre;23;Sábado;6
20230924;2023;9;Septiembre;24;Domingo;6
20230926;2023;9;Septiembre;26;Martes;7
20230927;2023;9;Septiembre;27;Miércoles;7
20230928;2023;9;Septiembre;28;Jueves;7
20230929;2023;9;Septiembre;29;Viernes;8
20230930;2023;9;Septiembre;30;Sábado;8
20231001;2023;10;Octubre;1;Domingo;8
20231002;2023;10;Octubre;2;Lunes;8
20231006;2023;10;Octubre;6;Viernes;9
20231007;2023;10;Octubre;7;Sábado;9
20231008;2023;10;Octubre;8;Domingo;9
20231020;2023;10;Octubre;20;Viernes;10
20231021;2023;10;Octubre;21;Sábado;10
20231022;2023;10;Octubre;22;Domingo;10
20231023;2023;10;Octubre;23;Lunes;10
20231027;2023;10;Octubre;27;Viernes;11
20231028;2023;10;Octubre;28;Sábado;11
20231029;2023;10;Octubre;29;Domingo;11
20231030;2023;10;Octubre;30;Lunes;11
20231103;2023;11;Noviembre;3;Viernes;12
20231104;2023;11;Noviembre;4;Sábado;12
20231105;2023;11;Noviembre;5;Domingo;12
20231106;2023;11;Noviembre;6;Lunes;12
20231110;2023;11;Noviembre;10;Viernes;13
20231111;2023;11;Noviembre;11;Sábado;13
20231112;2023;11;Noviembre;12;Domingo;13
20231124;2023;11;Noviembre;24;Viernes;14
20231125;2023;11;Noviembre;25;Sábado;14
20231126;2023;11;Noviembre;26;Domingo;14
20231127;2023;11;Noviembre;27;Lunes;14
20231129;2023;11;Noviembre;29;Miércoles;13
20231201;2023;12;Diciembre;1;Viernes;15
20231202;2023;12;Diciembre;2;Sábado;15
20231203;2023;12;Diciembre;3;Domingo;15
20231204;2023;12;Diciembre;4;Lunes;15
20231208;2023;12;Diciembre;8;Viernes;16
20231209;2023;12;Diciembre;9;Sábado;16
20231210;2023;12;Diciembre;10;Domingo;16
20231211;2023;12;Diciembre;11;Lunes;16
20231215;2023;12;Diciembre;15;Viernes;17
20231216;2023;12;Diciembre;16;Sábado;17
20231217;2023;12;Diciembre;17;Domingo;17
20231218;2023;12;Diciembre;18;Lunes;17
20231219;2023;12;Diciembre;19;Martes;18
20231220;2023;12;Diciembre;20;Miércoles;18
20231221;2023;12;Diciembre;21;Jueves;18
20231223;2023;12;Diciembre;23;Sábado;4
20240102;2024;1;Enero;2;Martes;19
20240103;2024;1;Enero;3;Miércoles;19
20240104;2024;1;Enero;4;Jueves;19
20240112;2024;1;Enero;12;Viernes;20
20240113;2024;1;Enero;13;Sábado;20
20240114;2024;1;Enero;14;Domingo;20
20240119;2024;1;Enero;19;Viernes;21
20240120;2024;1;Enero;20;Sábado;21
20240121;2024;1;Enero;21;Domingo;21
20240122;2024;1;Enero;22;Lunes;21
20240126;2024;1;Enero;26;Viernes;22
20240127;2024;1;Enero;27;Sábado;22
20240128;2024;1;Enero;28;Domingo;22
20240129;2024;1;Enero;29;Lunes;22
20240131;2024;1;Enero;31;Miércoles;20
20240201;2024;2;Febrero;1;Jueves;20
20240202;2024;2;Febrero;2;Viernes;23
20240203;2024;2;Febrero;3;Sábado;23
20240204;2024;2;Febrero;4;Domingo;23
20240205;2024;2;Febrero;5;Lunes;23
20240209;2024;2;Febrero;9;Viernes;24
20240210;2024;2;Febrero;10;Sábado;24
20240211;2024;2;Febrero;11;Domingo;24
20240212;2024;2;Febrero;12;Lunes;24
20240216;2024;2;Febrero;16;Viernes;25
20240217;2024;2;Febrero;17;Sábado;25
20240218;2024;2;Febrero;18;Domingo;25
20240219;2024;2;Febrero;19;Lunes;25
20240223;2024;2;Febrero;23;Viernes;26
20240224;2024;2;Febrero;24;Sábado;26
20240225;2024;2;Febrero;25;Domingo;26
20240226;2024;2;Febrero;26;Lunes;26
20240301;2024;3;Marzo;1;Viernes;27
20240302;2024;3;Marzo;2;Sábado;27
20240303;2024;3;Marzo;3;Domingo;27
20240304;2024;3;Marzo;4;Lunes;27
20240308;2024;3;Marzo;8;Viernes;28
20240309;2024;3;Marzo;9;Sábado;28
20240310;2024;3;Marzo;10;Domingo;28
20240311;2024;3;Marzo;11;Lunes;28
20240315;2024;3;Marzo;15;Viernes;29
20240316;2024;3;Marzo;16;Sábado;29
20240317;2024;3;Marzo;17;Domingo;29
20240329;2024;3;Marzo;29;Viernes;30
20240330;2024;3;Marzo;30;Sábado;30
20240331;2024;3;Marzo;31;Domingo;30
20240401;2024;4;Abril;1;Lunes;30
20240404;2024;4;Abril;4;Jueves;26
20240412;2024;4;Abril;12;Viernes;31
20240413;2024;4;Abril;13;Sábado;31
20240414;2024;4;Abril;14;Domingo;31
20240415;2024;4;Abril;15;Lunes;31
20240419;2024;4;Abril;19;Viernes;32
20240420;2024;4;Abril;20;Sábado;32
20240421;2024;4;Abril;21;Domingo;32
20240422;2024;4;Abril;22;Lunes;32
20240426;2024;4;Abril;26;Viernes;33
20240427;2024;4;Abril;27;Sábado;33
20240428;2024;4;Abril;28;Domingo;33
20240429;2024;4;Abril;29;Lunes;33
20240503;2024;5;Mayo;3;Viernes;34
20240504;2024;5;Mayo;4;Sábado;34
20240505;2024;5;Mayo;5;Domingo;34
20240510;2024;5;Mayo;10;Viernes;35
20240511;2024;5;Mayo;11;Sábado;35
20240512;2024;5;Mayo;12;Domingo;35
20240513;2024;5;Mayo;13;Lunes;35
20240514;2024;5;Mayo;14;Martes;36
20240515;2024;5;Mayo;15;Miércoles;36
20240516;2024;5;Mayo;16;Jueves;36
20240518;2024;5;Mayo;18;Sábado;37
20240519;2024;5;Mayo;19;Domingo;37
20240524;2024;5;Mayo;24;Viernes;38
20240525;2024;5;Mayo;25;Sábado;38
20240526;2024;5;Mayo;26;Domingo;38
20240815;2024;8;Agosto;15;Jueves;1
20240816;2024;8;Agosto;16;Viernes;1
20240817;2024;8;Agosto;17;Sábado;1
20240818;2024;8;Agosto;18;Domingo;1
20240819;2024;8;Agosto;19;Lunes;1
20240823;2024;8;Agosto;23;Viernes;2
20240824;2024;8;Agosto;24;Sábado;2
20240825;2024;8;Agosto;25;Domingo;2
20240826;2024;8;Agosto;26;Lunes;3
20240827;2024;8;Agosto;27;Martes;3
20240828;2024;8;Agosto;28;Miércoles;3
20240829;2024;8;Agosto;29;Jueves;3
20240831;2024;8;Agosto;31;Sábado;4
20240901;2024;9;Septiembre;1;Domingo;4
20240913;2024;9;Septiembre;13;Viernes;5
20240914;2024;9;Septiembre;14;Sábado;5
20240915;2024;9;Septiembre;15;Domingo;5
20240916;2024;9;Septiembre;16;Lunes;5
20240917;2024;9;Septiembre;17;Martes;7
20240918;2024;9;Septiembre;18;Miércoles;3
20240919;2024;9;Septiembre;19;Jueves;7
20240920;2024;9;Septiembre;20;Viernes;6
20240921;2024;9;Septiembre;21;Sábado;6
20240922;2024;9;Septiembre;22;Domingo;6
20240923;2024;9;Septiembre;23;Lunes;6
20240924;2024;9;Septiembre;24;Martes;7
20240925;2024;9;Septiembre;25;Miércoles;7
20240926;2024;9;Septiembre;26;Jueves;7
20240927;2024;9;Septiembre;27;Viernes;8
20240928;2024;9;Septiembre;28;Sábado;8
20240929;2024;9;Septiembre;29;Domingo;8
20240930;2024;9;Septiembre;30;Lunes;8
20241004;2024;10;Octubre;4;Viernes;9
20241005;2024;10;Octubre;5;Sábado;9
20241006;2024;10;Octubre;6;Domingo;9
20241018;2024;10;Octubre;18;Viernes;10
20241019;2024;10;Octubre;19;Sábado;10
20241020;2024;10;Octubre;20;Domingo;10
20241021;2024;10;Octubre;21;Lunes;10
20241025;2024;10;Octubre;25;Viernes;11
20241026;2024;10;Octubre;26;Sábado;11
20241027;2024;10;Octubre;27;Domingo;11
20241028;2024;10;Octubre;28;Lunes;11
20241101;2024;11;Noviembre;1;Viernes;12
20241102;2024;11;Noviembre;2;Sábado;12
20241103;2024;11;Noviembre;3;Domingo;12
20241104;2024;11;Noviembre;4;Lunes;12
20241108;2024;11;Noviembre;8;Viernes;13
20241109;2024;11;Noviembre;9;Sábado;13
20241110;2024;11;Noviembre;10;Domingo;13
20241122;2024;11;Noviembre;22;Viernes;14
20241123;2024;11;Noviembre;23;Sábado;14
20241124;2024;11;Noviembre;24;Domingo;14
20241129;2024;11;Noviembre;29;Viernes;15
20241130;2024;11;Noviembre;30;Sábado;15
20241201;2024;12;Diciembre;1;Domingo;15
20241202;2024;12;Diciembre;2;Lunes;15
20241203;2024;12;Diciembre;3;Martes;19
20241204;2024;12;Diciembre;4;Miércoles;19
20241206;2024;12;Diciembre;6;Viernes;16
20241207;2024;12;Diciembre;7;Sábado;16
20241208;2024;12;Diciembre;8;Domingo;16
20241209;2024;12;Diciembre;9;Lunes;16
20241213;2024;12;Diciembre;13;Viernes;17
20241214;2024;12;Diciembre;14;Sábado;17
20241215;2024;12;Diciembre;15;Domingo;17
20241218;2024;12;Diciembre;18;Miércoles;12
20241220;2024;12;Diciembre;20;Viernes;18
20241221;2024;12;Diciembre;21;Sábado;18
20241222;2024;12;Diciembre;22;Domingo;18
20250103;2025;1;Enero;3;Viernes;12
20250110;2025;1;Enero;10;Viernes;19
20250111;2025;1;Enero;11;Sábado;19
20250112;2025;1;Enero;12;Domingo;19
20250113;2025;1;Enero;13;Lunes;19
20250117;2025;1;Enero;17;Viernes;20
20250118;2025;1;Enero;18;Sábado;20
20250119;2025;1;Enero;19;Domingo;20
20250120;2025;1;Enero;20;Lunes;20
20250124;2025;1;Enero;24;Viernes;21
20250125;2025;1;Enero;25;Sábado;21
20250126;2025;1;Enero;26;Domingo;21
20250127;2025;1;Enero;27;Lunes;21
20250131;2025;1;Enero;31;Viernes;22
20250201;2025;2;Febrero;1;Sábado;22
20250202;2025;2;Febrero;2;Domingo;22
20250203;2025;2;Febrero;3;Lunes;22
20250207;2025;2;Febrero;7;Viernes;23
20250208;2025;2;Febrero;8;Sábado;23
20250209;2025;2;Febrero;9;Domingo;23
20250210;2025;2;Febrero;10;Lunes;23
20250214;2025;2;Febrero;14;Viernes;24
20250215;2025;2;Febrero;15;Sábado;24
20250216;2025;2;Febrero;16;Domingo;24
20250217;2025;2;Febrero;17;Lunes;24
20250221;2025;2;Febrero;21;Viernes;25
20250222;2025;2;Febrero;22;Sábado;25
20250223;2025;2;Febrero;23;Domingo;25
20250224;2025;2;Febrero;24;Lunes;25
20250228;2025;2;Febrero;28;Viernes;26
20250301;2025;3;Marzo;1;Sábado;26
20250302;2025;3;Marzo;2;Domingo;26
20250308;2025;3;Marzo;8;Sábado;27
20250309;2025;3;Marzo;9;Domingo;27
20250310;2025;3;Marzo;10;Lunes;27
20250314;2025;3;Marzo;14;Viernes;28
20250315;2025;3;Marzo;15;Sábado;28
20250316;2025;3;Marzo;16;Domingo;28
20250327;2025;3;Marzo;27;Jueves;27
20250329;2025;3;Marzo;29;Sábado;29
20250330;2025;3;Marzo;30;Domingo;29
20250331;2025;3;Marzo;31;Lunes;29
20250404;2025;4;Abril;4;Viernes;30
20250405;2025;4;Abril;5;Sábado;30
20250406;2025;4;Abril;6;Domingo;30
20250407;2025;4;Abril;7;Lunes;30
20250411;2025;4;Abril;11;Viernes;31
20250412;2025;4;Abril;12;Sábado;31
20250413;2025;4;Abril;13;Domingo;31
20250414;2025;4;Abril;14;Lunes;31
20250418;2025;4;Abril;18;Viernes;32
20250419;2025;4;Abril;19;Sábado;32
20250420;2025;4;Abril;20;Domingo;32
20250421;2025;4;Abril;21;Lunes;32
20250422;2025;4;Abril;22;Martes;33
20250423;2025;4;Abril;23;Miércoles;33
20250424;2025;4;Abril;24;Jueves;33
20250427;2025;4;Abril;27;Domingo;26
20250502;2025;5;Mayo;2;Viernes;34
20250503;2025;5;Mayo;3;Sábado;34
20250504;2025;5;Mayo;4;Domingo;34
20250505;2025;5;Mayo;5;Lunes;34
20250509;2025;5;Mayo;9;Viernes;35
20250510;2025;5;Mayo;10;Sábado;35
20250511;2025;5;Mayo;11;Domingo;35
20250513;2025;5;Mayo;13;Martes;36
20250514;2025;5;Mayo;14;Miércoles;36
20250515;2025;5;Mayo;15;Jueves;36
20250518;2025;5;Mayo;18;Domingo;37
20250523;2025;5;Mayo;23;Viernes;38
20250524;2025;5;Mayo;24;Sábado;38
20250525;2025;5;Mayo;25;Domingo;38
20250815;2025;8;Agosto;15;Viernes;1
20250816;2025;8;Agosto;16;Sábado;1
20250817;2025;8;Agosto;17;Domingo;1
20250818;2025;8;Agosto;18;Lunes;1
20250819;2025;8;Agosto;19;Martes;1
20250822;2025;8;Agosto;22;Viernes;2
20250823;2025;8;Agosto;23;Sábado;2
20250824;2025;8;Agosto;24;Domingo;2
20250825;2025;8;Agosto;25;Lunes;2
20250827;2025;8;Agosto;27;Miércoles;6
20250829;2025;8;Agosto;29;Viernes;3
20250830;2025;8;Agosto;30;Sábado;3
20250831;2025;8;Agosto;31;Domingo;3
20250912;2025;9;Septiembre;12;Viernes;4
20250913;2025;9;Septiembre;13;Sábado;4
20250914;2025;9;Septiembre;14;Domingo;4
20250915;2025;9;Septiembre;15;Lunes;4
20250919;2025;9;Septiembre;19;Viernes;5
20250920;2025;9;Septiembre;20;Sábado;5
20250921;2025;9;Septiembre;21;Domingo;5
20250923;2025;9;Septiembre;23;Martes;6
20250924;2025;9;Septiembre;24;Miércoles;6
20250925;2025;9;Septiembre;25;Jueves;6
20250926;2025;9;Septiembre;26;Viernes;7
20250927;2025;9;Septiembre;27;Sábado;7
20250928;2025;9;Septiembre;28;Domingo;7
20250930;2025;9;Septiembre;30;Martes;7
20251003;2025;10;Octubre;3;Viernes;8
20251004;2025;10;Octubre;4;Sábado;8
20251005;2025;10;Octubre;5;Domingo;8
20251017;2025;10;Octubre;17;Viernes;9
20251018;2025;10;Octubre;18;Sábado;9
20251019;2025;10;Octubre;19;Domingo;9
20251020;2025;10;Octubre;20;Lunes;9
20251024;2025;10;Octubre;24;Viernes;10
20251025;2025;10;Octubre;25;Sábado;10
20251026;2025;10;Octubre;26;Domingo;10
20251027;2025;10;Octubre;27;Lunes;10
20251031;2025;10;Octubre;31;Viernes;11
20251101;2025;11;Noviembre;1;Sábado;11
20251102;2025;11;Noviembre;2;Domingo;11
20251103;2025;11;Noviembre;3;Lunes;11
20251107;2025;11;Noviembre;7;Viernes;12
20251108;2025;11;Noviembre;8;Sábado;12
20251109;2025;11;Noviembre;9;Domingo;12
20251121;2025;11;Noviembre;21;Viernes;13
20251122;2025;11;Noviembre;22;Sábado;13
20251123;2025;11;Noviembre;23;Domingo;13
20251124;2025;11;Noviembre;24;Lunes;13
20251128;2025;11;Noviembre;28;Viernes;14
20251129;2025;11;Noviembre;29;Sábado;14
20251130;2025;11;Noviembre;30;Domingo;14
20251201;2025;12;Diciembre;1;Lunes;14
20251202;2025;12;Diciembre;2;Martes;19
20251203;2025;12;Diciembre;3;Miércoles;19
20251205;2025;12;Diciembre;5;Viernes;15
20251206;2025;12;Diciembre;6;Sábado;15
20251207;2025;12;Diciembre;7;Domingo;15
20251208;2025;12;Diciembre;8;Lunes;15
20251212;2025;12;Diciembre;12;Viernes;16
20251213;2025;12;Diciembre;13;Sábado;16
20251214;2025;12;Diciembre;14;Domingo;16
20251215;2025;12;Diciembre;15;Lunes;16
20251219;2025;12;Diciembre;19;Viernes;17
20251220;2025;12;Diciembre;20;Sábado;17
20251221;2025;12;Diciembre;21;Domingo;17
20251222;2025;12;Diciembre;22;Lunes;17
20260102;2026;1;Enero;2;Viernes;18
20260103;2026;1;Enero;3;Sábado;18
20260104;2026;1;Enero;4;Domingo;18
20260109;2026;1;Enero;9;Viernes;19
20260110;2026;1;Enero;10;Sábado;19
20260111;2026;1;Enero;11;Domingo;19
20260112;2026;1;Enero;12;Lunes;19
20260116;2026;1;Enero;16;Viernes;20
20260117;2026;1;Enero;17;Sábado;20
20260118;2026;1;Enero;18;Domingo;20
20260119;2026;1;Enero;19;Lunes;20
20260123;2026;1;Enero;23;Viernes;21
20260124;2026;1;Enero;24;Sábado;21
20260125;2026;1;Enero;25;Domingo;21
20260126;2026;1;Enero;26;Lunes;21
20260130;2026;1;Enero;30;Viernes;22
20260131;2026;1;Enero;31;Sábado;22
20260201;2026;2;Febrero;1;Domingo;22
20260202;2026;2;Febrero;2;Lunes;22
20260206;2026;2;Febrero;6;Viernes;23
20260207;2026;2;Febrero;7;Sábado;23
20260208;2026;2;Febrero;8;Domingo;23
20260209;2026;2;Febrero;9;Lunes;23
20260213;2026;2;Febrero;13;Viernes;24
20260214;2026;2;Febrero;14;Sábado;24
20260215;2026;2;Febrero;15;Domingo;24
20260216;2026;2;Febrero;16;Lunes;24
20260218;2026;2;Febrero;18;Miércoles;16
20260222;2026;2;Febrero;22;Domingo;25
20260301;2026;3;Marzo;1;Domingo;26
20260308;2026;3;Marzo;8;Domingo;27
20260315;2026;3;Marzo;15;Domingo;28
20260322;2026;3;Marzo;22;Domingo;29
20260405;2026;4;Abril;5;Domingo;30
20260412;2026;4;Abril;12;Domingo;31
20260419;2026;4;Abril;19;Domingo;32
20260422;2026;4;Abril;22;Miércoles;33
20260503;2026;5;Mayo;3;Domingo;34
20260510;2026;5;Mayo;10;Domingo;35
20260513;2026;5;Mayo;13;Miércoles;36
20260517;2026;5;Mayo;17;Domingo;37
20260524;2026;5;Mayo;24;Domingo;38
