temporada;id_equipo;nombre_equipo;puntuacion_forma;estado;tendencia;variabilidad
2015;529;Barcelona;10.0;Positivo;3.0;0.51
2015;541;Real Madrid;10.0;Positivo;3.07;0.45
2015;530;Atletico Madrid;8.39;Positivo;2.52;1.12
2015;731;Sporting Gijon;7.54;Positivo;2.26;1.11
2015;531;Athletic Club;6.52;Positivo;1.96;1.1
2015;715;Granada CF;6.37;Positivo;1.91;0.89
2015;548;Real Sociedad;6.14;Positivo;1.84;1.2
2015;535;Malaga;5.77;Positivo;1.73;1.1
2015;540;Espanyol;5.73;Positivo;1.72;1.13
2015;538;Celta Vigo;5.19;Estable;1.56;0.88
2015;543;Real Betis;5.19;Estable;1.56;1.06
2015;546;Getafe;4.67;Estable;1.4;0.75
2015;544;Deportivo La Coruna;3.91;Estable;1.17;1.07
2015;728;Rayo Vallecano;3.77;Estable;1.13;1.09
2015;539;Levante;3.5;Estable;1.05;1.15
2015;534;Las Palmas;2.8;Critico;0.84;0.78
2015;533;Villarreal;2.73;Critico;0.82;0.81
2015;532;Valencia;2.67;Critico;0.8;0.53
2015;536;Sevilla;2.11;Critico;0.63;0.71
2015;545;Eibar;1.32;Critico;0.39;0.37
2016;541;Real Madrid;9.75;Positivo;2.92;0.89
2016;536;Sevilla;7.75;Positivo;2.33;0.81
2016;529;Barcelona;7.35;Positivo;2.2;1.11
2016;534;Las Palmas;7.2;Positivo;2.16;1.12
2016;533;Villarreal;6.63;Positivo;1.99;0.58
2016;530;Atletico Madrid;5.97;Positivo;1.79;0.57
2016;731;Sporting Gijon;5.68;Positivo;1.71;1.14
2016;537;Leganes;5.53;Positivo;1.66;1.06
2016;531;Athletic Club;5.39;Estable;1.62;0.84
2016;545;Eibar;5.07;Estable;1.52;1.07
2016;548;Real Sociedad;5.07;Estable;1.52;0.83
2016;542;Alaves;4.94;Estable;1.48;0.86
2016;544;Deportivo La Coruna;4.01;Estable;1.2;1.11
2016;543;Real Betis;3.95;Estable;1.18;0.67
2016;540;Espanyol;3.87;Estable;1.16;0.44
2016;535;Malaga;3.4;Estable;1.02;0.54
2016;538;Celta Vigo;2.67;Critico;0.8;0.53
2016;727;Osasuna;2.16;Critico;0.65;0.33
2016;715;Granada CF;1.9;Critico;0.57;0.59
2016;532;Valencia;1.41;Critico;0.42;0.63
2017;529;Barcelona;10.0;Positivo;3.13;0.67
2017;536;Sevilla;8.2;Positivo;2.46;0.53
2017;548;Real Sociedad;7.59;Positivo;2.28;1.29
2017;530;Atletico Madrid;7.23;Positivo;2.17;0.56
2017;539;Levante;7.12;Positivo;2.14;0.99
2017;532;Valencia;6.78;Positivo;2.03;0.81
2017;541;Real Madrid;6.38;Positivo;1.91;0.95
2017;543;Real Betis;6.36;Positivo;1.91;0.85
2017;537;Leganes;5.46;Estable;1.64;1.3
2017;531;Athletic Club;5.37;Estable;1.61;1.01
2017;545;Eibar;4.59;Estable;1.38;1.2
2017;534;Las Palmas;4.44;Estable;1.33;0.85
2017;533;Villarreal;4.4;Estable;1.32;1.03
2017;547;Girona;4.11;Estable;1.23;0.98
2017;546;Getafe;3.59;Estable;1.08;0.76
2017;540;Espanyol;3.58;Estable;1.07;0.63
2017;544;Deportivo La Coruna;2.9;Critico;0.87;0.54
2017;538;Celta Vigo;2.8;Critico;0.84;0.8
2017;542;Alaves;0.66;Critico;0.2;0.18
2017;535;Malaga;0.51;Critico;0.15;0.14
2018;540;Espanyol;8.28;Positivo;2.48;1.05
2018;539;Levante;7.27;Positivo;2.18;0.76
2018;532;Valencia;7.17;Positivo;2.15;1.23
2018;529;Barcelona;6.64;Positivo;1.99;0.98
2018;548;Real Sociedad;6.55;Positivo;1.97;1.23
2018;720;Valladolid;6.37;Positivo;1.91;0.89
2018;543;Real Betis;5.99;Positivo;1.8;1.43
2018;533;Villarreal;5.92;Positivo;1.78;0.78
2018;530;Atletico Madrid;5.34;Estable;1.6;0.68
2018;536;Sevilla;5.25;Estable;1.57;1.12
2018;545;Eibar;5.23;Estable;1.57;0.98
2018;726;Huesca;4.98;Estable;1.49;1.08
2018;531;Athletic Club;4.7;Estable;1.41;0.91
2018;538;Celta Vigo;4.19;Estable;1.26;0.86
2018;546;Getafe;3.93;Estable;1.18;0.73
2018;542;Alaves;3.86;Estable;1.16;1.09
2018;728;Rayo Vallecano;3.07;Critico;0.92;0.82
2018;537;Leganes;2.82;Critico;0.85;0.98
2018;541;Real Madrid;2.65;Critico;0.8;0.84
2018;547;Girona;2.26;Critico;0.68;0.84
2019;536;Sevilla;8.85;Positivo;2.66;0.59
2019;541;Real Madrid;8.58;Positivo;2.58;0.66
2019;529;Barcelona;7.94;Positivo;2.38;0.98
2019;715;Granada CF;7.71;Positivo;2.31;1.08
2019;530;Atletico Madrid;7.55;Positivo;2.26;0.66
2019;537;Leganes;7.55;Positivo;2.26;0.66
2019;727;Osasuna;5.99;Positivo;1.8;1.09
2019;539;Levante;5.69;Positivo;1.71;1.27
2019;545;Eibar;5.48;Estable;1.64;0.95
2019;533;Villarreal;5.29;Estable;1.59;1.08
2019;548;Real Sociedad;5.24;Estable;1.57;0.87
2019;532;Valencia;4.87;Estable;1.46;0.95
2019;720;Valladolid;4.43;Estable;1.33;1.16
2019;542;Alaves;3.67;Estable;1.1;0.9
2019;798;Mallorca;3.11;Critico;0.93;0.66
2019;531;Athletic Club;2.46;Critico;0.74;0.82
2019;543;Real Betis;2.45;Critico;0.73;0.68
2019;538;Celta Vigo;2.2;Critico;0.66;0.43
2019;546;Getafe;1.78;Critico;0.53;0.24
2019;540;Espanyol;1.17;Critico;0.35;0.39
2020;530;Atletico Madrid;9.5;Positivo;2.85;0.76
2020;541;Real Madrid;9.17;Positivo;2.75;0.73
2020;538;Celta Vigo;8.13;Positivo;2.44;0.81
2020;543;Real Betis;7.76;Positivo;2.33;0.98
2020;548;Real Sociedad;6.97;Positivo;2.09;1.18
2020;533;Villarreal;6.48;Positivo;1.94;1.08
2020;529;Barcelona;5.58;Positivo;1.67;1.01
2020;797;Elche;5.5;Estable;1.65;1.28
2020;536;Sevilla;5.47;Estable;1.64;1.19
2020;532;Valencia;5.41;Estable;1.62;0.88
2020;542;Alaves;5.24;Estable;1.57;1.0
2020;726;Huesca;4.87;Estable;1.46;0.82
2020;545;Eibar;4.49;Estable;1.35;0.68
2020;724;Cadiz;3.96;Estable;1.19;0.77
2020;727;Osasuna;3.57;Estable;1.07;0.7
2020;546;Getafe;3.19;Critico;0.96;1.0
2020;531;Athletic Club;2.58;Critico;0.77;0.67
2020;539;Levante;2.42;Critico;0.73;0.47
2020;720;Valladolid;1.54;Critico;0.46;0.3
2020;715;Granada CF;1.5;Critico;0.45;0.37
2021;530;Atletico Madrid;8.17;Positivo;2.45;1.15
2021;539;Levante;7.71;Positivo;2.31;1.08
2021;724;Cadiz;6.53;Positivo;1.96;0.92
2021;543;Real Betis;6.33;Positivo;1.9;0.88
2021;533;Villarreal;6.3;Positivo;1.89;1.28
2021;798;Mallorca;6.2;Positivo;1.86;1.2
2021;529;Barcelona;6.05;Positivo;1.82;0.83
2021;541;Real Madrid;5.74;Positivo;1.72;0.64
2021;536;Sevilla;5.51;Positivo;1.65;0.92
2021;715;Granada CF;5.35;Estable;1.61;0.7
2021;548;Real Sociedad;5.16;Estable;1.55;1.01
2021;531;Athletic Club;4.94;Estable;1.48;0.94
2021;532;Valencia;4.81;Estable;1.44;0.98
2021;538;Celta Vigo;4.74;Estable;1.42;0.97
2021;797;Elche;3.49;Estable;1.05;1.13
2021;542;Alaves;3.36;Estable;1.01;0.93
2021;546;Getafe;3.05;Critico;0.92;0.41
2021;540;Espanyol;2.45;Critico;0.73;0.37
2021;727;Osasuna;1.67;Critico;0.5;0.31
2021;728;Rayo Vallecano;1.26;Critico;0.38;0.35
2022;548;Real Sociedad;7.89;Positivo;2.37;0.9
2022;541;Real Madrid;6.73;Positivo;2.02;0.88
2022;530;Atletico Madrid;6.46;Positivo;1.94;0.99
2022;798;Mallorca;6.37;Positivo;1.91;1.09
2022;533;Villarreal;6.36;Positivo;1.91;0.75
2022;546;Getafe;6.36;Positivo;1.91;0.94
2022;727;Osasuna;6.33;Positivo;1.9;1.13
2022;797;Elche;6.14;Positivo;1.84;0.7
2022;532;Valencia;5.84;Positivo;1.75;0.6
2022;543;Real Betis;5.83;Positivo;1.75;0.74
2022;724;Cadiz;5.17;Estable;1.55;0.94
2022;540;Espanyol;4.86;Estable;1.46;0.5
2022;529;Barcelona;4.51;Estable;1.35;0.93
2022;720;Valladolid;4.09;Estable;1.23;0.93
2022;536;Sevilla;3.85;Estable;1.15;0.41
2022;538;Celta Vigo;3.8;Estable;1.14;1.36
2022;531;Athletic Club;3.7;Estable;1.11;0.72
2022;723;Almeria;3.64;Estable;1.09;0.63
2022;728;Rayo Vallecano;3.23;Estable;0.97;1.14
2022;547;Girona;2.1;Critico;0.63;0.31
2023;529;Barcelona;9.38;Positivo;2.82;0.82
2023;530;Atletico Madrid;8.16;Positivo;2.45;1.12
2023;547;Girona;7.57;Positivo;2.27;1.02
2023;538;Celta Vigo;7.33;Positivo;2.2;0.85
2023;531;Athletic Club;6.9;Positivo;2.07;1.13
2023;541;Real Madrid;6.83;Positivo;2.05;0.46
2023;548;Real Sociedad;6.3;Positivo;1.89;0.87
2023;543;Real Betis;6.03;Positivo;1.81;0.38
2023;798;Mallorca;6.0;Positivo;1.8;0.98
2023;533;Villarreal;5.91;Positivo;1.77;0.83
2023;542;Alaves;5.75;Positivo;1.73;0.74
2023;727;Osasuna;5.36;Estable;1.61;0.98
2023;723;Almeria;5.3;Estable;1.59;1.05
2023;724;Cadiz;4.6;Estable;1.38;0.85
2023;728;Rayo Vallecano;3.72;Estable;1.12;0.68
2023;534;Las Palmas;2.88;Critico;0.86;0.45
2023;532;Valencia;2.62;Critico;0.78;0.37
2023;536;Sevilla;2.24;Critico;0.67;0.57
2023;546;Getafe;0.84;Critico;0.25;0.24
2023;715;Granada CF;0.73;Critico;0.22;0.21
2024;533;Villarreal;10.0;Positivo;3.08;0.48
2024;529;Barcelona;9.09;Positivo;2.73;0.93
2024;541;Real Madrid;7.84;Positivo;2.35;0.66
2024;537;Leganes;7.3;Positivo;2.19;0.97
2024;548;Real Sociedad;7.25;Positivo;2.18;1.11
2024;727;Osasuna;6.69;Positivo;2.01;0.91
2024;531;Athletic Club;6.58;Positivo;1.97;0.74
2024;543;Real Betis;6.38;Positivo;1.91;1.12
2024;530;Atletico Madrid;5.82;Positivo;1.75;0.74
2024;536;Sevilla;5.2;Estable;1.56;0.84
2024;547;Girona;4.92;Estable;1.48;0.9
2024;542;Alaves;4.71;Estable;1.41;0.55
2024;546;Getafe;4.18;Estable;1.25;1.06
2024;798;Mallorca;4.17;Estable;1.25;1.07
2024;538;Celta Vigo;4.15;Estable;1.24;0.81
2024;540;Espanyol;3.65;Estable;1.09;1.13
2024;728;Rayo Vallecano;2.95;Critico;0.89;0.66
2024;532;Valencia;2.91;Critico;0.87;0.42
2024;534;Las Palmas;2.29;Critico;0.69;1.02
2024;720;Valladolid;2.29;Critico;0.69;1.02
2025;541;Real Madrid;10.0;Positivo;3.22;0.64
2025;529;Barcelona;9.0;Positivo;2.7;0.84
2025;548;Real Sociedad;8.54;Positivo;2.56;1.01
2025;727;Osasuna;7.45;Positivo;2.23;1.0
2025;530;Atletico Madrid;7.38;Positivo;2.21;1.01
2025;547;Girona;7.35;Positivo;2.2;0.93
2025;532;Valencia;6.56;Positivo;1.97;1.33
2025;538;Celta Vigo;6.37;Positivo;1.91;0.98
2025;539;Levante;6.18;Positivo;1.85;0.96
2025;543;Real Betis;5.01;Estable;1.5;1.07
2025;533;Villarreal;4.67;Estable;1.4;0.8
2025;542;Alaves;4.51;Estable;1.35;1.27
2025;536;Sevilla;4.03;Estable;1.21;1.09
2025;797;Elche;3.38;Estable;1.01;0.55
2025;798;Mallorca;3.3;Estable;0.99;0.94
2025;718;Oviedo;2.57;Critico;0.77;0.39
2025;728;Rayo Vallecano;2.5;Critico;0.75;0.84
2025;540;Espanyol;2.33;Critico;0.7;0.59
2025;546;Getafe;1.69;Critico;0.51;0.39
2025;531;Athletic Club;1.39;Critico;0.42;0.27
