id_partido;id_equipo;id_jugador;nombre_jugador;probabilidad
1391032;540;47398;Pere Milla;0.418
1391032;540;47349;Javi Puado;0.397
1391032;540;312990;Roberto Fernández;0.379
1391032;542;608;L. Boyé;0.47
1391032;542;187214;Carlos Vicente;0.358
1391032;542;47181;Toni Martínez;0.348
1391038;718;51530;F. Viñas;0.368
1391038;718;2461;S. Rondón;0.313
1391038;718;182486;Alberto Reina;0.308
1391038;547;2617;C. Stuani;0.443
1391038;547;161670;V. Vanat;0.438
1391038;547;129678;A. Ounahi;0.394
1391036;727;46746;A. Budimir;0.551
1391036;727;46658;Rubén García;0.353
1391036;727;338751;Víctor Muñoz;0.338
1391036;533;182519;Alberto Moleiro;0.49
1391036;533;1707;Gerard Moreno;0.477
1391036;533;180496;G. Mikautadze;0.426
1391034;539;128985;Iker Losada;0.354
1391034;539;734;Dela;0.333
1391034;539;378284;Etta Eyong;0.332
1391034;530;56;A. Griezmann;0.443
1391034;530;8492;A. Sørloth;0.405
1391034;530;6067;T. Almada;0.334
1391031;797;47013;Rafa Mir;0.426
1391031;797;161963;Germán Valera;0.373
1391031;797;343202;Á. Rodríguez;0.354
1391031;529;931;Ferran Torres;0.555
1391031;529;1496;Raphinha;0.513
1391031;529;521;R. Lewandowski;0.477
1391037;541;278;Kylian Mbappé;0.7
1391037;541;336711;Gonzalo García;0.37
1391037;541;129718;J. Bellingham;0.357
1391037;728;128582;Jorge de Frutos;0.374
1391037;728;131546;Isi Palazón;0.33
1391037;728;47543;Álvaro García;0.316
1391030;543;47582;C. Hernández;0.495
1391030;543;1697;Pablo Fornals;0.405
1391030;543;181421;A. Ezzalzouli;0.401
1391030;532;47264;Hugo Duro;0.454
1391030;532;47463;Pepelu;0.353
1391030;532;83;A. Danjuma;0.34
1391033;546;6490;L. Vázquez;0.646
1391033;546;47472;Borja Mayoral;0.415
1391033;546;403554;Christantus Uche;0.401
1391033;538;47348;Borja Iglesias;0.495
1391033;538;269163;W. Swedberg;0.376
1391033;538;47445;Iago Aspas;0.354
1391029;531;84086;Robert Navarro;0.38
1391029;531;30510;Álex Berenguer;0.376
1391029;531;47294;I. Williams;0.37
1391029;548;47323;Mikel Oyarzabal;0.525
1391029;548;47440;Brais Méndez;0.407
1391029;548;925;Gonçalo Guedes;0.405
1391035;798;50048;V. Muriqi;0.582
1391035;798;313059;M. Joseph;0.33
1391035;798;190485;Samú Costa;0.321
1391035;536;25458;D. Lukebakio;0.438
1391035;536;57446;A. Adams;0.435
1391035;536;47013;Rafa Mir;0.435
1391043;538;47348;Borja Iglesias;0.495
1391043;538;269163;W. Swedberg;0.376
1391043;538;47445;Iago Aspas;0.354
1391043;727;46746;A. Budimir;0.551
1391043;727;46658;Rubén García;0.353
1391043;727;338751;Víctor Muñoz;0.338
1391044;728;128582;Jorge de Frutos;0.374
1391044;728;131546;Isi Palazón;0.308
1391044;728;358431;N. Mendy;0.305
1391044;718;51530;F. Viñas;0.345
1391044;718;182486;Alberto Reina;0.308
1391044;718;266202;I. Chaira;0.299
1391042;529;1496;Raphinha;0.588
1391042;529;931;Ferran Torres;0.555
1391042;529;1323;Dani Olmo;0.484
1391042;798;50048;V. Muriqi;0.606
1391042;798;190485;Samú Costa;0.321
1391042;798;414;Omar Mascarell;0.302
1391046;536;47013;Rafa Mir;0.485
1391046;536;25458;D. Lukebakio;0.463
1391046;536;57446;A. Adams;0.435
1391046;547;2617;C. Stuani;0.443
1391046;547;161670;V. Vanat;0.438
1391046;547;2182;V. Tsygankov;0.411
1391045;548;47323;Mikel Oyarzabal;0.525
1391045;548;925;Gonçalo Guedes;0.429
1391045;548;47440;Brais Méndez;0.407
1391045;797;47013;Rafa Mir;0.426
1391045;797;343202;Á. Rodríguez;0.378
1391045;797;161963;Germán Valera;0.373
1391039;542;608;L. Boyé;0.421
1391039;542;187214;Carlos Vicente;0.381
1391039;542;47181;Toni Martínez;0.348
1391039;546;6490;L. Vázquez;0.646
1391039;546;47258;M. Arambarri;0.384
1391039;546;403554;Christantus Uche;0.378
1391040;531;84086;Robert Navarro;0.38
1391040;531;47294;I. Williams;0.37
1391040;531;183799;Nico Williams;0.357
1391040;539;128985;Iker Losada;0.354
1391040;539;734;Dela;0.333
1391040;539;378284;Etta Eyong;0.332
1391041;530;56;A. Griezmann;0.443
1391041;530;8492;A. Sørloth;0.429
1391041;530;182219;Álex Baena;0.387
1391041;543;47582;C. Hernández;0.42
1391041;543;47119;Aitor Ruibal;0.383
1391041;543;1697;Pablo Fornals;0.381
1391047;532;47264;Hugo Duro;0.479
1391047;532;138776;L. Ramazani;0.35
1391047;532;48372;E. Cömert;0.337
1391047;541;278;Kylian Mbappé;0.72
1391047;541;762;Vinícius Júnior;0.381
1391047;541;129718;J. Bellingham;0.38
1391048;533;182519;Alberto Moleiro;0.465
1391048;533;1707;Gerard Moreno;0.428
1391048;533;180496;G. Mikautadze;0.401
1391048;540;47398;Pere Milla;0.418
1391048;540;47396;Kike García;0.361
1391048;540;47349;Javi Puado;0.35
1391049;797;47013;Rafa Mir;0.401
1391049;797;161963;Germán Valera;0.373
1391049;797;343202;Á. Rodríguez;0.354
1391049;727;46746;A. Budimir;0.526
1391049;727;338751;Víctor Muñoz;0.361
1391049;727;46658;Rubén García;0.353
1391050;540;312990;Roberto Fernández;0.379
1391050;540;47396;Kike García;0.361
1391050;540;184420;Carlos Romero;0.348
1391050;538;47348;Borja Iglesias;0.495
1391050;538;269163;W. Swedberg;0.376
1391050;538;47445;Iago Aspas;0.354
1391055;728;128582;Jorge de Frutos;0.398
1391055;728;47543;Álvaro García;0.338
1391055;728;131546;Isi Palazón;0.33
1391055;530;8492;A. Sørloth;0.479
1391055;530;56;A. Griezmann;0.443
1391055;530;6009;J. Álvarez;0.401
1391058;536;47013;Rafa Mir;0.485
1391058;536;25458;D. Lukebakio;0.463
1391058;536;57446;A. Adams;0.435
1391058;542;187214;Carlos Vicente;0.405
1391058;542;608;L. Boyé;0.397
1391058;542;47181;Toni Martínez;0.348
1391056;541;278;Kylian Mbappé;0.74
1391056;541;762;Vinícius Júnior;0.381
1391056;541;336711;Gonzalo García;0.37
1391056;548;47323;Mikel Oyarzabal;0.5
1391056;548;925;Gonçalo Guedes;0.429
1391056;548;47317;Barrenetxea;0.387
1391057;718;51530;F. Viñas;0.345
1391057;718;182486;Alberto Reina;0.308
1391057;718;266202;I. Chaira;0.299
1391057;531;84086;Robert Navarro;0.357
1391057;531;183799;Nico Williams;0.357
1391057;531;30510;Álex Berenguer;0.331
1391051;546;6490;L. Vázquez;0.646
1391051;546;403554;Christantus Uche;0.378
1391051;546;47472;Borja Mayoral;0.368
1391051;533;1707;Gerard Moreno;0.477
1391051;533;182519;Alberto Moleiro;0.44
1391051;533;180496;G. Mikautadze;0.426
1391053;539;128985;Iker Losada;0.354
1391053;539;734;Dela;0.333
1391053;539;378284;Etta Eyong;0.332
1391053;532;47264;Hugo Duro;0.454
1391053;532;48372;E. Cömert;0.337
1391053;532;47463;Pepelu;0.331
1391054;798;50048;V. Muriqi;0.606
1391054;798;190485;Samú Costa;0.343
1391054;798;47336;Darder;0.31
1391054;543;47582;C. Hernández;0.42
1391054;543;181421;A. Ezzalzouli;0.401
1391054;543;9971;Antony;0.397
1391052;547;2617;C. Stuani;0.468
1391052;547;161670;V. Vanat;0.438
1391052;547;2182;V. Tsygankov;0.387
1391052;529;931;Ferran Torres;0.53
1391052;529;1496;Raphinha;0.513
1391052;529;1323;Dani Olmo;0.484
1390974;539;128985;Iker Losada;0.354
1390974;539;47467;José Luis Morales;0.344
1390974;539;734;Dela;0.333
1390974;533;1707;Gerard Moreno;0.477
1390974;533;182519;Alberto Moleiro;0.44
1390974;533;180496;G. Mikautadze;0.401
1391067;548;47323;Mikel Oyarzabal;0.45
1391067;548;925;Gonçalo Guedes;0.381
1391067;548;47440;Brais Méndez;0.36
1391067;718;51530;F. Viñas;0.345
1391067;718;1695;Santi Cazorla;0.31
1391067;718;182486;Alberto Reina;0.308
1391065;546;6490;L. Vázquez;0.646
1391065;546;47472;Borja Mayoral;0.415
1391065;546;403554;Christantus Uche;0.378
1391065;536;47013;Rafa Mir;0.485
1391065;536;25458;D. Lukebakio;0.438
1391065;536;57446;A. Adams;0.435
1391066;727;46746;A. Budimir;0.551
1391066;727;338751;Víctor Muñoz;0.338
1391066;727;46658;Rubén García;0.331
1391066;541;278;Kylian Mbappé;0.72
1391066;541;129718;J. Bellingham;0.404
1391066;541;762;Vinícius Júnior;0.381
1391063;543;47582;C. Hernández;0.445
1391063;543;47119;Aitor Ruibal;0.383
1391063;543;181421;A. Ezzalzouli;0.378
1391063;728;128582;Jorge de Frutos;0.398
1391063;728;131546;Isi Palazón;0.33
1391063;728;47543;Álvaro García;0.316
1391059;542;608;L. Boyé;0.421
1391059;542;187214;Carlos Vicente;0.381
1391059;542;47181;Toni Martínez;0.348
1391059;547;2617;C. Stuani;0.468
1391059;547;161670;V. Vanat;0.438
1391059;547;2182;V. Tsygankov;0.411
1391064;538;47348;Borja Iglesias;0.495
1391064;538;269163;W. Swedberg;0.376
1391064;538;47445;Iago Aspas;0.354
1391064;798;50048;V. Muriqi;0.582
1391064;798;190485;Samú Costa;0.321
1391064;798;108519;Mateu Morey;0.303
1391068;533;1707;Gerard Moreno;0.477
1391068;533;182519;Alberto Moleiro;0.465
1391068;533;180496;G. Mikautadze;0.401
1391068;532;47264;Hugo Duro;0.454
1391068;532;47463;Pepelu;0.376
1391068;532;48372;E. Cömert;0.337
1391060;531;30510;Álex Berenguer;0.376
1391060;531;84086;Robert Navarro;0.357
1391060;531;183799;Nico Williams;0.357
1391060;797;47013;Rafa Mir;0.401
1391060;797;161963;Germán Valera;0.373
1391060;797;343202;Á. Rodríguez;0.354
1391061;530;8492;A. Sørloth;0.454
1391061;530;56;A. Griezmann;0.443
1391061;530;50;Koke;0.375
1391061;540;47398;Pere Milla;0.371
1391061;540;47349;Javi Puado;0.35
1391061;540;184420;Carlos Romero;0.348
1391062;529;931;Ferran Torres;0.53
1391062;529;1496;Raphinha;0.513
1391062;529;1323;Dani Olmo;0.459
1391062;539;128985;Iker Losada;0.354
1391062;539;47467;José Luis Morales;0.344
1391062;539;192032;Iván Romero;0.334
1391071;797;47013;Rafa Mir;0.426
1391071;797;343202;Á. Rodríguez;0.378
1391071;797;161963;Germán Valera;0.373
1391071;540;184420;Carlos Romero;0.371
1391071;540;47349;Javi Puado;0.35
1391071;540;47398;Pere Milla;0.348
1391075;728;128582;Jorge de Frutos;0.398
1391075;728;41552;P. Ciss;0.323
1391075;728;47543;Álvaro García;0.316
1391075;531;183799;Nico Williams;0.404
1391075;531;47294;I. Williams;0.37
1391075;531;84086;Robert Navarro;0.357
1391077;718;51530;F. Viñas;0.345
1391077;718;182486;Alberto Reina;0.308
1391077;718;266202;I. Chaira;0.299
1391077;530;8492;A. Sørloth;0.454
1391077;530;56;A. Griezmann;0.371
1391077;530;6067;T. Almada;0.334
1391072;547;2617;C. Stuani;0.468
1391072;547;161670;V. Vanat;0.463
1391072;547;2182;V. Tsygankov;0.411
1391072;538;47348;Borja Iglesias;0.495
1391072;538;269163;W. Swedberg;0.376
1391072;538;47445;Iago Aspas;0.354
1391074;798;50048;V. Muriqi;0.557
1391074;798;190485;Samú Costa;0.321
1391074;798;47336;Darder;0.31
1391074;548;47323;Mikel Oyarzabal;0.475
1391074;548;925;Gonçalo Guedes;0.405
1391074;548;47440;Brais Méndez;0.383
1391076;541;278;Kylian Mbappé;0.72
1391076;541;129718;J. Bellingham;0.38
1391076;541;336711;Gonzalo García;0.37
1391076;546;6490;L. Vázquez;0.646
1391076;546;47472;Borja Mayoral;0.391
1391076;546;403554;Christantus Uche;0.378
1391073;539;128985;Iker Losada;0.354
1391073;539;47467;José Luis Morales;0.344
1391073;539;734;Dela;0.333
1391073;542;608;L. Boyé;0.421
1391073;542;47181;Toni Martínez;0.371
1391073;542;187214;Carlos Vicente;0.358
1391078;532;47264;Hugo Duro;0.429
1391078;532;83;A. Danjuma;0.34
1391078;532;48372;E. Cömert;0.337
1391078;727;46746;A. Budimir;0.551
1391078;727;46658;Rubén García;0.353
1391078;727;338751;Víctor Muñoz;0.338
1391069;529;1496;Raphinha;0.588
1391069;529;931;Ferran Torres;0.53
1391069;529;386828;Lamine Yamal;0.481
1391069;533;1707;Gerard Moreno;0.477
1391069;533;182519;Alberto Moleiro;0.44
1391069;533;180496;G. Mikautadze;0.401
1391070;543;47582;C. Hernández;0.445
1391070;543;1697;Pablo Fornals;0.405
1391070;543;181421;A. Ezzalzouli;0.401
1391070;536;25458;D. Lukebakio;0.463
1391070;536;47013;Rafa Mir;0.46
1391070;536;57446;A. Adams;0.435
1391085;727;46746;A. Budimir;0.476
1391085;727;46658;Rubén García;0.376
1391085;727;146751;Raúl García;0.362
1391085;798;50048;V. Muriqi;0.629
1391085;798;190485;Samú Costa;0.321
1391085;798;46742;Dani Rodríguez;0.31
1391083;546;6490;L. Vázquez;0.646
1391083;546;47472;Borja Mayoral;0.415
1391083;546;403554;Christantus Uche;0.378
1391083;543;47582;C. Hernández;0.445
1391083;543;47119;Aitor Ruibal;0.432
1391083;543;1697;Pablo Fornals;0.381
1391082;540;47398;Pere Milla;0.371
1391082;540;184420;Carlos Romero;0.348
1391082;540;312990;Roberto Fernández;0.333
1391082;718;51530;F. Viñas;0.345
1391082;718;1695;Santi Cazorla;0.31
1391082;718;182486;Alberto Reina;0.308
1391084;539;378284;Etta Eyong;0.378
1391084;539;128985;Iker Losada;0.378
1391084;539;47467;José Luis Morales;0.344
1391084;547;2617;C. Stuani;0.443
1391084;547;161670;V. Vanat;0.438
1391084;547;2182;V. Tsygankov;0.387
1391081;538;269163;W. Swedberg;0.448
1391081;538;47348;Borja Iglesias;0.42
1391081;538;351913;J. El Abdellaoui;0.343
1391081;541;278;Kylian Mbappé;0.74
1391081;541;762;Vinícius Júnior;0.381
1391081;541;336711;Gonzalo García;0.37
1391086;536;25458;D. Lukebakio;0.463
1391086;536;57446;A. Adams;0.459
1391086;536;47013;Rafa Mir;0.435
1391086;728;128582;Jorge de Frutos;0.374
1391086;728;47543;Álvaro García;0.338
1391086;728;131546;Isi Palazón;0.33
1391087;532;47264;Hugo Duro;0.405
1391087;532;48372;E. Cömert;0.337
1391087;532;47463;Pepelu;0.331
1391087;542;608;L. Boyé;0.421
1391087;542;187214;Carlos Vicente;0.358
1391087;542;47181;Toni Martínez;0.348
1391079;531;84086;Robert Navarro;0.357
1391079;531;183799;Nico Williams;0.334
1391079;531;30510;Álex Berenguer;0.331
1391079;529;931;Ferran Torres;0.555
1391079;529;1496;Raphinha;0.538
1391079;529;1323;Dani Olmo;0.484
1391080;530;8492;A. Sørloth;0.479
1391080;530;56;A. Griezmann;0.443
1391080;530;6009;J. Álvarez;0.354
1391080;548;47323;Mikel Oyarzabal;0.475
1391080;548;925;Gonçalo Guedes;0.405
1391080;548;47440;Brais Méndez;0.36
1391088;533;1707;Gerard Moreno;0.477
1391088;533;182519;Alberto Moleiro;0.465
1391088;533;180496;G. Mikautadze;0.426
1391088;797;47013;Rafa Mir;0.401
1391088;797;161963;Germán Valera;0.373
1391088;797;271580;Martim Neto;0.356
1391097;548;47323;Mikel Oyarzabal;0.5
1391097;548;925;Gonçalo Guedes;0.454
1391097;548;47440;Brais Méndez;0.407
1391097;727;46746;A. Budimir;0.551
1391097;727;338751;Víctor Muñoz;0.338
1391097;727;47533;Catena;0.331
1391094;798;50048;V. Muriqi;0.629
1391094;798;190485;Samú Costa;0.321
1391094;798;414;Omar Mascarell;0.302
1391094;540;47398;Pere Milla;0.371
1391094;540;312990;Roberto Fernández;0.355
1391094;540;184420;Carlos Romero;0.348
1391095;728;128582;Jorge de Frutos;0.422
1391095;728;47543;Álvaro García;0.361
1391095;728;131546;Isi Palazón;0.308
1391095;539;128985;Iker Losada;0.354
1391095;539;734;Dela;0.333
1391095;539;378284;Etta Eyong;0.332
1391098;718;51530;F. Viñas;0.345
1391098;718;2461;S. Rondón;0.313
1391098;718;182486;Alberto Reina;0.308
1391098;532;47264;Hugo Duro;0.405
1391098;532;48372;E. Cömert;0.337
1391098;532;47463;Pepelu;0.331
1391093;547;2617;C. Stuani;0.468
1391093;547;161670;V. Vanat;0.438
1391093;547;2182;V. Tsygankov;0.435
1391093;531;30510;Álex Berenguer;0.376
1391093;531;47294;I. Williams;0.37
1391093;531;84086;Robert Navarro;0.357
1391092;543;47582;C. Hernández;0.445
1391092;543;47119;Aitor Ruibal;0.407
1391092;543;1697;Pablo Fornals;0.381
1391092;538;269163;W. Swedberg;0.424
1391092;538;47348;Borja Iglesias;0.42
1391092;538;47445;Iago Aspas;0.354
1391089;542;608;L. Boyé;0.446
1391089;542;47181;Toni Martínez;0.371
1391089;542;187214;Carlos Vicente;0.358
1391089;533;182519;Alberto Moleiro;0.49
1391089;533;1707;Gerard Moreno;0.477
1391089;533;180496;G. Mikautadze;0.426
1391091;529;1496;Raphinha;0.588
1391091;529;931;Ferran Torres;0.48
1391091;529;521;R. Lewandowski;0.477
1391091;536;47013;Rafa Mir;0.485
1391091;536;57446;A. Adams;0.459
1391091;536;25458;D. Lukebakio;0.438
1391096;541;278;Kylian Mbappé;0.678
1391096;541;336711;Gonzalo García;0.37
1391096;541;762;Vinícius Júnior;0.358
1391096;797;47013;Rafa Mir;0.426
1391096;797;343202;Á. Rodríguez;0.378
1391096;797;161963;Germán Valera;0.373
1391090;530;8492;A. Sørloth;0.454
1391090;530;56;A. Griezmann;0.443
1391090;530;50;Koke;0.352
1391090;546;6490;L. Vázquez;0.646
1391090;546;47472;Borja Mayoral;0.415
1391090;546;47320;Juanmi;0.38
1391102;797;47013;Rafa Mir;0.378
1391102;797;161963;Germán Valera;0.373
1391102;797;343202;Á. Rodríguez;0.354
1391102;798;50048;V. Muriqi;0.606
1391102;798;1701;Manu Morlanes;0.345
1391102;798;414;Omar Mascarell;0.324
1391106;541;278;Kylian Mbappé;0.72
1391106;541;336711;Gonzalo García;0.37
1391106;541;736;Fran García;0.338
1391106;530;8492;A. Sørloth;0.479
1391106;530;56;A. Griezmann;0.443
1391106;530;6009;J. Álvarez;0.401
1391103;540;47398;Pere Milla;0.371
1391103;540;47249;L. Cabrera;0.351
1391103;540;47349;Javi Puado;0.35
1391103;546;6490;L. Vázquez;0.646
1391103;546;403554;Christantus Uche;0.378
1391103;546;47472;Borja Mayoral;0.368
1391104;539;378284;Etta Eyong;0.378
1391104;539;128985;Iker Losada;0.354
1391104;539;182770;Carlos Álvarez;0.34
1391104;718;51530;F. Viñas;0.345
1391104;718;182486;Alberto Reina;0.308
1391104;718;266202;I. Chaira;0.299
1391105;727;46746;A. Budimir;0.551
1391105;727;338751;Víctor Muñoz;0.338
1391105;727;46658;Rubén García;0.331
1391105;547;161670;V. Vanat;0.463
1391105;547;2182;V. Tsygankov;0.435
1391105;547;2617;C. Stuani;0.418
1391107;536;47013;Rafa Mir;0.46
1391107;536;25458;D. Lukebakio;0.438
1391107;536;57446;A. Adams;0.435
1391107;532;47264;Hugo Duro;0.454
1391107;532;48372;E. Cömert;0.337
1391107;532;916;M. Diakhaby;0.335
1391108;533;182519;Alberto Moleiro;0.49
1391108;533;1707;Gerard Moreno;0.477
1391108;533;180496;G. Mikautadze;0.401
1391108;548;47323;Mikel Oyarzabal;0.525
1391108;548;47440;Brais Méndez;0.432
1391108;548;925;Gonçalo Guedes;0.429
1391099;531;30510;Álex Berenguer;0.376
1391099;531;47294;I. Williams;0.37
1391099;531;84086;Robert Navarro;0.357
1391099;543;47582;C. Hernández;0.42
1391099;543;1697;Pablo Fornals;0.405
1391099;543;47119;Aitor Ruibal;0.383
1391100;529;1496;Raphinha;0.513
1391100;529;1323;Dani Olmo;0.484
1391100;529;931;Ferran Torres;0.48
1391100;728;128582;Jorge de Frutos;0.374
1391100;728;47543;Álvaro García;0.361
1391100;728;47285;Unai López;0.332
1391101;538;47348;Borja Iglesias;0.495
1391101;538;269163;W. Swedberg;0.4
1391101;538;47445;Iago Aspas;0.354
1391101;542;608;L. Boyé;0.397
1391101;542;187214;Carlos Vicente;0.358
1391101;542;47181;Toni Martínez;0.348
1391110;530;8492;A. Sørloth;0.479
1391110;530;56;A. Griezmann;0.371
1391110;530;182219;Álex Baena;0.363
1391110;529;931;Ferran Torres;0.555
1391110;529;1496;Raphinha;0.538
1391110;529;1323;Dani Olmo;0.484
1391118;532;47264;Hugo Duro;0.429
1391118;532;47463;Pepelu;0.353
1391118;532;48372;E. Cömert;0.337
1391118;538;47348;Borja Iglesias;0.495
1391118;538;269163;W. Swedberg;0.376
1391118;538;351913;J. El Abdellaoui;0.366
1391109;542;608;L. Boyé;0.421
1391109;542;187214;Carlos Vicente;0.381
1391109;542;47181;Toni Martínez;0.348
1391109;727;46746;A. Budimir;0.551
1391109;727;46658;Rubén García;0.376
1391109;727;146751;Raúl García;0.362
1391111;543;47582;C. Hernández;0.445
1391111;543;181421;A. Ezzalzouli;0.401
1391111;543;47119;Aitor Ruibal;0.383
1391111;540;47398;Pere Milla;0.371
1391111;540;47396;Kike García;0.361
1391111;540;312990;Roberto Fernández;0.355
1391112;546;6490;L. Vázquez;0.646
1391112;546;403554;Christantus Uche;0.401
1391112;546;47472;Borja Mayoral;0.368
1391112;531;47294;I. Williams;0.37
1391112;531;84086;Robert Navarro;0.357
1391112;531;30510;Álex Berenguer;0.353
1391113;547;2617;C. Stuani;0.468
1391113;547;161670;V. Vanat;0.438
1391113;547;2182;V. Tsygankov;0.387
1391113;533;1707;Gerard Moreno;0.477
1391113;533;182519;Alberto Moleiro;0.44
1391113;533;51016;T. Buchanan;0.41
1391116;548;47323;Mikel Oyarzabal;0.475
1391116;548;925;Gonçalo Guedes;0.454
1391116;548;47440;Brais Méndez;0.432
1391116;539;734;Dela;0.356
1391116;539;128985;Iker Losada;0.354
1391116;539;378284;Etta Eyong;0.332
1391117;718;51530;F. Viñas;0.345
1391117;718;182486;Alberto Reina;0.308
1391117;718;266202;I. Chaira;0.299
1391117;536;57446;A. Adams;0.459
1391117;536;25458;D. Lukebakio;0.438
1391117;536;47013;Rafa Mir;0.435
1391115;728;128582;Jorge de Frutos;0.398
1391115;728;131546;Isi Palazón;0.308
1391115;728;358431;N. Mendy;0.305
1391115;797;161963;Germán Valera;0.397
1391115;797;2063;André Silva;0.387
1391115;797;343202;Á. Rodríguez;0.378
1391114;798;50048;V. Muriqi;0.629
1391114;798;190485;Samú Costa;0.321
1391114;798;414;Omar Mascarell;0.302
1391114;541;278;Kylian Mbappé;0.7
1391114;541;762;Vinícius Júnior;0.381
1391114;541;336711;Gonzalo García;0.37
1391122;797;47013;Rafa Mir;0.401
1391122;797;161963;Germán Valera;0.373
1391122;797;343202;Á. Rodríguez;0.354
1391122;532;47264;Hugo Duro;0.405
1391122;532;47463;Pepelu;0.353
1391122;532;48372;E. Cömert;0.337
1391124;798;50048;V. Muriqi;0.629
1391124;798;190485;Samú Costa;0.321
1391124;798;47336;Darder;0.31
1391124;728;128582;Jorge de Frutos;0.398
1391124;728;47543;Álvaro García;0.361
1391124;728;131546;Isi Palazón;0.33
1391127;548;47323;Mikel Oyarzabal;0.525
1391127;548;47440;Brais Méndez;0.432
1391127;548;925;Gonçalo Guedes;0.429
1391127;542;608;L. Boyé;0.446
1391127;542;47181;Toni Martínez;0.371
1391127;542;187214;Carlos Vicente;0.358
1391126;541;278;Kylian Mbappé;0.72
1391126;541;129718;J. Bellingham;0.404
1391126;541;762;Vinícius Júnior;0.381
1391126;547;2617;C. Stuani;0.468
1391126;547;161670;V. Vanat;0.438
1391126;547;129678;A. Ounahi;0.394
1391125;727;46746;A. Budimir;0.551
1391125;727;46658;Rubén García;0.353
1391125;727;338751;Víctor Muñoz;0.338
1391125;543;47582;C. Hernández;0.47
1391125;543;181421;A. Ezzalzouli;0.426
1391125;543;47119;Aitor Ruibal;0.383
1391121;538;47348;Borja Iglesias;0.42
1391121;538;269163;W. Swedberg;0.376
1391121;538;351913;J. El Abdellaoui;0.343
1391121;718;51530;F. Viñas;0.345
1391121;718;182486;Alberto Reina;0.308
1391121;718;266202;I. Chaira;0.299
1391128;536;25458;D. Lukebakio;0.463
1391128;536;47013;Rafa Mir;0.46
1391128;536;57446;A. Adams;0.435
1391128;530;8492;A. Sørloth;0.479
1391128;530;56;A. Griezmann;0.443
1391128;530;50;Koke;0.399
1391123;539;128985;Iker Losada;0.354
1391123;539;47467;José Luis Morales;0.344
1391123;539;192032;Iván Romero;0.334
1391123;546;6490;L. Vázquez;0.646
1391123;546;47320;Juanmi;0.38
1391123;546;403554;Christantus Uche;0.378
1391119;531;47294;I. Williams;0.37
1391119;531;84086;Robert Navarro;0.357
1391119;531;183799;Nico Williams;0.357
1391119;533;1707;Gerard Moreno;0.477
1391119;533;182519;Alberto Moleiro;0.465
1391119;533;180496;G. Mikautadze;0.401
1391120;529;1496;Raphinha;0.538
1391120;529;1323;Dani Olmo;0.534
1391120;529;931;Ferran Torres;0.48
1391120;540;47349;Javi Puado;0.373
1391120;540;47398;Pere Milla;0.371
1391120;540;184420;Carlos Romero;0.348
1391134;727;46746;A. Budimir;0.526
1391134;727;46658;Rubén García;0.353
1391134;727;338751;Víctor Muñoz;0.338
1391134;536;25458;D. Lukebakio;0.463
1391134;536;47013;Rafa Mir;0.46
1391134;536;57446;A. Adams;0.435
1391136;718;51530;F. Viñas;0.345
1391136;718;182486;Alberto Reina;0.308
1391136;718;266202;I. Chaira;0.299
1391136;797;47013;Rafa Mir;0.378
1391136;797;161963;Germán Valera;0.373
1391136;797;343202;Á. Rodríguez;0.354
1391133;546;6490;L. Vázquez;0.646
1391133;546;47320;Juanmi;0.38
1391133;546;403554;Christantus Uche;0.378
1391133;529;1496;Raphinha;0.538
1391133;529;931;Ferran Torres;0.53
1391133;529;1323;Dani Olmo;0.484
1391131;543;47582;C. Hernández;0.47
1391131;543;47119;Aitor Ruibal;0.407
1391131;543;1697;Pablo Fornals;0.381
1391131;541;278;Kylian Mbappé;0.72
1391131;541;336711;Gonzalo García;0.442
1391131;541;341640;Raúl Asencio;0.359
1391135;728;128582;Jorge de Frutos;0.422
1391135;728;131546;Isi Palazón;0.33
1391135;728;47557;Ó. Trejo;0.31
1391135;548;47323;Mikel Oyarzabal;0.525
1391135;548;47440;Brais Méndez;0.407
1391135;548;925;Gonçalo Guedes;0.381
1391132;540;47349;Javi Puado;0.397
1391132;540;184420;Carlos Romero;0.371
1391132;540;47398;Pere Milla;0.348
1391132;539;128985;Iker Losada;0.378
1391132;539;734;Dela;0.333
1391132;539;378284;Etta Eyong;0.332
1391138;533;1707;Gerard Moreno;0.477
1391138;533;182519;Alberto Moleiro;0.465
1391138;533;180496;G. Mikautadze;0.401
1391138;538;47348;Borja Iglesias;0.495
1391138;538;269163;W. Swedberg;0.376
1391138;538;47445;Iago Aspas;0.354
1391137;532;47264;Hugo Duro;0.429
1391137;532;47463;Pepelu;0.353
1391137;532;162127;Diego López;0.338
1391137;547;2617;C. Stuani;0.468
1391137;547;161670;V. Vanat;0.463
1391137;547;2182;V. Tsygankov;0.387
1391130;530;8492;A. Sørloth;0.454
1391130;530;56;A. Griezmann;0.443
1391130;530;182219;Álex Baena;0.363
1391130;531;183799;Nico Williams;0.38
1391130;531;30510;Álex Berenguer;0.376
1391130;531;47294;I. Williams;0.37
1391129;542;608;L. Boyé;0.47
1391129;542;187214;Carlos Vicente;0.358
1391129;542;47181;Toni Martínez;0.348
1391129;798;50048;V. Muriqi;0.582
1391129;798;25375;T. Asano;0.324
1391129;798;190485;Samú Costa;0.321
1391144;798;50048;V. Muriqi;0.606
1391144;798;190485;Samú Costa;0.343
1391144;798;46742;Dani Rodríguez;0.31
1391144;532;47264;Hugo Duro;0.429
1391144;532;162127;Diego López;0.338
1391144;532;48372;E. Cömert;0.337
1391141;797;47013;Rafa Mir;0.401
1391141;797;343202;Á. Rodríguez;0.378
1391141;797;161963;Germán Valera;0.373
1391141;530;8492;A. Sørloth;0.454
1391141;530;56;A. Griezmann;0.371
1391141;530;6067;T. Almada;0.334
1391145;728;128582;Jorge de Frutos;0.398
1391145;728;131546;Isi Palazón;0.33
1391145;728;41552;P. Ciss;0.323
1391145;540;312990;Roberto Fernández;0.379
1391145;540;184420;Carlos Romero;0.371
1391145;540;47398;Pere Milla;0.371
1391148;718;51530;F. Viñas;0.345
1391148;718;182486;Alberto Reina;0.308
1391148;718;266202;I. Chaira;0.299
1391148;533;182519;Alberto Moleiro;0.44
1391148;533;1707;Gerard Moreno;0.403
1391148;533;180496;G. Mikautadze;0.401
1391147;548;47323;Mikel Oyarzabal;0.525
1391147;548;47440;Brais Méndez;0.432
1391147;548;925;Gonçalo Guedes;0.381
1391147;546;6490;L. Vázquez;0.646
1391147;546;47472;Borja Mayoral;0.415
1391147;546;403554;Christantus Uche;0.401
1391142;547;161670;V. Vanat;0.463
1391142;547;2617;C. Stuani;0.443
1391142;547;2182;V. Tsygankov;0.387
1391142;543;47582;C. Hernández;0.42
1391142;543;47119;Aitor Ruibal;0.383
1391142;543;181421;A. Ezzalzouli;0.378
1391143;539;128985;Iker Losada;0.378
1391143;539;47467;José Luis Morales;0.344
1391143;539;182770;Carlos Álvarez;0.34
1391143;536;47013;Rafa Mir;0.51
1391143;536;25458;D. Lukebakio;0.438
1391143;536;57446;A. Adams;0.435
1391139;531;47291;Gorka Guruzeta;0.378
1391139;531;30510;Álex Berenguer;0.376
1391139;531;47294;I. Williams;0.37
1391139;727;46746;A. Budimir;0.551
1391139;727;46658;Rubén García;0.4
1391139;727;146751;Raúl García;0.34
1391140;529;1496;Raphinha;0.588
1391140;529;931;Ferran Torres;0.53
1391140;529;1323;Dani Olmo;0.484
1391140;538;47348;Borja Iglesias;0.495
1391140;538;269163;W. Swedberg;0.376
1391140;538;286639;Bryan Zaragoza;0.365
1391146;541;278;Kylian Mbappé;0.72
1391146;541;762;Vinícius Júnior;0.381
1391146;541;336711;Gonzalo García;0.37
1391146;542;608;L. Boyé;0.421
1391146;542;187214;Carlos Vicente;0.381
1391146;542;47181;Toni Martínez;0.348
1391150;543;47582;C. Hernández;0.42
1391150;543;47119;Aitor Ruibal;0.383
1391150;543;181421;A. Ezzalzouli;0.378
1391150;718;51530;F. Viñas;0.345
1391150;718;266202;I. Chaira;0.32
1391150;718;182486;Alberto Reina;0.308
1391154;547;161670;V. Vanat;0.463
1391154;547;2617;C. Stuani;0.418
1391154;547;2182;V. Tsygankov;0.411
1391154;798;50048;V. Muriqi;0.629
1391154;798;190485;Samú Costa;0.321
1391154;798;46751;Abdón Prats;0.31
1391155;727;46746;A. Budimir;0.551
1391155;727;338751;Víctor Muñoz;0.338
1391155;727;46658;Rubén García;0.331
1391155;529;1496;Raphinha;0.588
1391155;529;931;Ferran Torres;0.555
1391155;529;1323;Dani Olmo;0.484
1391149;542;608;L. Boyé;0.446
1391149;542;187214;Carlos Vicente;0.358
1391149;542;47181;Toni Martínez;0.348
1391149;531;84086;Robert Navarro;0.357
1391149;531;47291;Gorka Guruzeta;0.354
1391149;531;30510;Álex Berenguer;0.353
1391153;546;6490;L. Vázquez;0.646
1391153;546;403554;Christantus Uche;0.378
1391153;546;47472;Borja Mayoral;0.345
1391153;728;128582;Jorge de Frutos;0.422
1391153;728;41552;P. Ciss;0.323
1391153;728;52;Sergio Camello;0.31
1391151;538;47348;Borja Iglesias;0.495
1391151;538;269163;W. Swedberg;0.376
1391151;538;351913;J. El Abdellaoui;0.343
1391151;797;47013;Rafa Mir;0.426
1391151;797;161963;Germán Valera;0.373
1391151;797;343202;Á. Rodríguez;0.354
1391156;536;47013;Rafa Mir;0.485
1391156;536;25458;D. Lukebakio;0.438
1391156;536;57446;A. Adams;0.435
1391156;548;47323;Mikel Oyarzabal;0.525
1391156;548;925;Gonçalo Guedes;0.454
1391156;548;47440;Brais Méndez;0.432
1391158;533;1707;Gerard Moreno;0.477
1391158;533;182519;Alberto Moleiro;0.44
1391158;533;180496;G. Mikautadze;0.401
1391158;539;128985;Iker Losada;0.354
1391158;539;47467;José Luis Morales;0.344
1391158;539;734;Dela;0.333
1391157;532;47264;Hugo Duro;0.479
1391157;532;83;A. Danjuma;0.34
1391157;532;48372;E. Cömert;0.337
1391157;530;56;A. Griezmann;0.443
1391157;530;8492;A. Sørloth;0.405
1391157;530;6009;J. Álvarez;0.401
1391152;540;47398;Pere Milla;0.394
1391152;540;184420;Carlos Romero;0.371
1391152;540;47396;Kike García;0.361
1391152;541;278;Kylian Mbappé;0.72
1391152;541;762;Vinícius Júnior;0.381
1391152;541;336711;Gonzalo García;0.37
1391164;798;50048;V. Muriqi;0.606
1391164;798;190485;Samú Costa;0.343
1391164;798;46742;Dani Rodríguez;0.332
1391164;533;1707;Gerard Moreno;0.452
1391164;533;182519;Alberto Moleiro;0.44
1391164;533;180496;G. Mikautadze;0.401
1391162;797;47013;Rafa Mir;0.426
1391162;797;161963;Germán Valera;0.373
1391162;797;343202;Á. Rodríguez;0.354
1391162;542;608;L. Boyé;0.421
1391162;542;187214;Carlos Vicente;0.381
1391162;542;47181;Toni Martínez;0.371
1391165;728;128582;Jorge de Frutos;0.398
1391165;728;131546;Isi Palazón;0.375
1391165;728;47543;Álvaro García;0.338
1391165;547;2182;V. Tsygankov;0.46
1391165;547;2617;C. Stuani;0.443
1391165;547;161670;V. Vanat;0.438
1391167;718;51530;F. Viñas;0.345
1391167;718;1695;Santi Cazorla;0.31
1391167;718;182486;Alberto Reina;0.308
1391167;546;6490;L. Vázquez;0.646
1391167;546;403554;Christantus Uche;0.378
1391167;546;47472;Borja Mayoral;0.368
1391166;548;47323;Mikel Oyarzabal;0.525
1391166;548;925;Gonçalo Guedes;0.454
1391166;548;47440;Brais Méndez;0.432
1391166;543;47582;C. Hernández;0.445
1391166;543;1697;Pablo Fornals;0.405
1391166;543;47119;Aitor Ruibal;0.383
1391163;539;128985;Iker Losada;0.354
1391163;539;47467;José Luis Morales;0.344
1391163;539;734;Dela;0.333
1391163;727;46746;A. Budimir;0.526
1391163;727;46658;Rubén García;0.4
1391163;727;338751;Víctor Muñoz;0.361
1391168;536;25458;D. Lukebakio;0.488
1391168;536;47013;Rafa Mir;0.485
1391168;536;57446;A. Adams;0.435
1391168;540;47398;Pere Milla;0.371
1391168;540;47396;Kike García;0.361
1391168;540;312990;Roberto Fernández;0.355
1391159;531;30510;Álex Berenguer;0.4
1391159;531;84086;Robert Navarro;0.357
1391159;531;183799;Nico Williams;0.357
1391159;532;47264;Hugo Duro;0.479
1391159;532;48372;E. Cömert;0.337
1391159;532;47463;Pepelu;0.331
1391160;530;56;A. Griezmann;0.443
1391160;530;8492;A. Sørloth;0.429
1391160;530;6009;J. Álvarez;0.354
1391160;538;47348;Borja Iglesias;0.47
1391160;538;269163;W. Swedberg;0.376
1391160;538;47445;Iago Aspas;0.354
1391161;529;1496;Raphinha;0.588
1391161;529;931;Ferran Torres;0.53
1391161;529;386828;Lamine Yamal;0.481
1391161;541;278;Kylian Mbappé;0.74
1391161;541;129718;J. Bellingham;0.404
1391161;541;336711;Gonzalo García;0.37
1391174;547;2617;C. Stuani;0.468
1391174;547;161670;V. Vanat;0.438
1391174;547;2182;V. Tsygankov;0.435
1391174;548;47323;Mikel Oyarzabal;0.525
1391174;548;925;Gonçalo Guedes;0.429
1391174;548;47440;Brais Méndez;0.383
1391173;546;6490;L. Vázquez;0.646
1391173;546;47472;Borja Mayoral;0.415
1391173;546;403554;Christantus Uche;0.401
1391173;798;50048;V. Muriqi;0.606
1391173;798;190485;Samú Costa;0.321
1391173;798;414;Omar Mascarell;0.302
1391175;727;46746;A. Budimir;0.551
1391175;727;146751;Raúl García;0.362
1391175;727;338751;Víctor Muñoz;0.338
1391175;530;8492;A. Sørloth;0.429
1391175;530;56;A. Griezmann;0.418
1391175;530;6067;T. Almada;0.356
1391170;543;181421;A. Ezzalzouli;0.426
1391170;543;47582;C. Hernández;0.42
1391170;543;47119;Aitor Ruibal;0.407
1391170;797;47013;Rafa Mir;0.401
1391170;797;161963;Germán Valera;0.397
1391170;797;343202;Á. Rodríguez;0.354
1391169;542;608;L. Boyé;0.397
1391169;542;187214;Carlos Vicente;0.358
1391169;542;47181;Toni Martínez;0.348
1391169;529;1496;Raphinha;0.513
1391169;529;1323;Dani Olmo;0.509
1391169;529;931;Ferran Torres;0.48
1391171;538;47348;Borja Iglesias;0.47
1391171;538;269163;W. Swedberg;0.376
1391171;538;47445;Iago Aspas;0.354
1391171;539;128985;Iker Losada;0.354
1391171;539;47467;José Luis Morales;0.344
1391171;539;734;Dela;0.333
1391172;540;184420;Carlos Romero;0.371
1391172;540;47398;Pere Milla;0.371
1391172;540;47396;Kike García;0.361
1391172;531;30510;Álex Berenguer;0.376
1391172;531;47294;I. Williams;0.37
1391172;531;84086;Robert Navarro;0.357
1391178;533;1707;Gerard Moreno;0.477
1391178;533;182519;Alberto Moleiro;0.44
1391178;533;180496;G. Mikautadze;0.401
1391178;536;25458;D. Lukebakio;0.463
1391178;536;47013;Rafa Mir;0.46
1391178;536;57446;A. Adams;0.435
1391177;532;47264;Hugo Duro;0.405
1391177;532;48372;E. Cömert;0.337
1391177;532;47463;Pepelu;0.331
1391177;728;128582;Jorge de Frutos;0.374
1391177;728;131546;Isi Palazón;0.352
1391177;728;358431;N. Mendy;0.326
1391176;541;278;Kylian Mbappé;0.72
1391176;541;336711;Gonzalo García;0.37
1391176;541;341640;Raúl Asencio;0.336
1391176;718;51530;F. Viñas;0.345
1391176;718;1695;Santi Cazorla;0.31
1391176;718;182486;Alberto Reina;0.308
1391182;797;47013;Rafa Mir;0.426
1391182;797;161963;Germán Valera;0.373
1391182;797;343202;Á. Rodríguez;0.354
1391182;546;6490;L. Vázquez;0.646
1391182;546;47320;Juanmi;0.38
1391182;546;403554;Christantus Uche;0.378
1391181;529;1496;Raphinha;0.588
1391181;529;931;Ferran Torres;0.555
1391181;529;521;R. Lewandowski;0.477
1391181;543;47582;C. Hernández;0.47
1391181;543;47119;Aitor Ruibal;0.383
1391181;543;181421;A. Ezzalzouli;0.378
1391180;530;8492;A. Sørloth;0.479
1391180;530;56;A. Griezmann;0.443
1391180;530;50;Koke;0.375
1391180;547;2617;C. Stuani;0.468
1391180;547;161670;V. Vanat;0.438
1391180;547;2182;V. Tsygankov;0.387
1391179;531;30510;Álex Berenguer;0.4
1391179;531;47291;Gorka Guruzeta;0.378
1391179;531;47294;I. Williams;0.37
1391179;538;47348;Borja Iglesias;0.47
1391179;538;269163;W. Swedberg;0.424
1391179;538;351913;J. El Abdellaoui;0.366
1391188;536;47013;Rafa Mir;0.485
1391188;536;25458;D. Lukebakio;0.463
1391188;536;57446;A. Adams;0.435
1391188;541;278;Kylian Mbappé;0.74
1391188;541;129718;J. Bellingham;0.38
1391188;541;336711;Gonzalo García;0.37
1391183;539;378284;Etta Eyong;0.354
1391183;539;128985;Iker Losada;0.354
1391183;539;734;Dela;0.333
1391183;798;50048;V. Muriqi;0.557
1391183;798;190485;Samú Costa;0.321
1391183;798;414;Omar Mascarell;0.302
1391186;548;47323;Mikel Oyarzabal;0.525
1391186;548;925;Gonçalo Guedes;0.381
1391186;548;61774;O. Óskarsson;0.373
1391186;532;47264;Hugo Duro;0.429
1391186;532;48372;E. Cömert;0.337
1391186;532;47463;Pepelu;0.331
1391187;718;51530;F. Viñas;0.368
1391187;718;182486;Alberto Reina;0.308
1391187;718;266202;I. Chaira;0.299
1391187;542;608;L. Boyé;0.421
1391187;542;187214;Carlos Vicente;0.358
1391187;542;47181;Toni Martínez;0.348
1391184;727;46746;A. Budimir;0.551
1391184;727;46658;Rubén García;0.353
1391184;727;146751;Raúl García;0.34
1391184;540;184420;Carlos Romero;0.371
1391184;540;47398;Pere Milla;0.371
1391184;540;47396;Kike García;0.361
1391185;728;128582;Jorge de Frutos;0.374
1391185;728;47543;Álvaro García;0.338
1391185;728;131546;Isi Palazón;0.33
1391185;533;182519;Alberto Moleiro;0.49
1391185;533;1707;Gerard Moreno;0.477
1391185;533;180496;G. Mikautadze;0.401
1391190;543;47582;C. Hernández;0.47
1391190;543;47119;Aitor Ruibal;0.383
1391190;543;1697;Pablo Fornals;0.381
1391190;539;378284;Etta Eyong;0.354
1391190;539;128985;Iker Losada;0.354
1391190;539;47467;José Luis Morales;0.344
1391189;542;608;L. Boyé;0.47
1391189;542;187214;Carlos Vicente;0.358
1391189;542;47181;Toni Martínez;0.348
1391189;728;128582;Jorge de Frutos;0.422
1391189;728;131546;Isi Palazón;0.33
1391189;728;41552;P. Ciss;0.323
1391193;546;6490;L. Vázquez;0.646
1391193;546;47472;Borja Mayoral;0.391
1391193;546;47320;Juanmi;0.38
1391193;727;46746;A. Budimir;0.551
1391193;727;146751;Raúl García;0.34
1391193;727;338751;Víctor Muñoz;0.338
1391196;541;278;Kylian Mbappé;0.72
1391196;541;129718;J. Bellingham;0.38
1391196;541;336711;Gonzalo García;0.37
1391196;531;84086;Robert Navarro;0.357
1391196;531;30510;Álex Berenguer;0.353
1391196;531;183799;Nico Williams;0.334
1391194;547;161670;V. Vanat;0.438
1391194;547;2617;C. Stuani;0.394
1391194;547;2182;V. Tsygankov;0.387
1391194;797;47013;Rafa Mir;0.426
1391194;797;161963;Germán Valera;0.397
1391194;797;343202;Á. Rodríguez;0.354
1391191;538;47348;Borja Iglesias;0.47
1391191;538;269163;W. Swedberg;0.376
1391191;538;47445;Iago Aspas;0.354
1391191;536;47013;Rafa Mir;0.485
1391191;536;25458;D. Lukebakio;0.438
1391191;536;57446;A. Adams;0.435
1391198;533;1707;Gerard Moreno;0.477
1391198;533;182519;Alberto Moleiro;0.44
1391198;533;180496;G. Mikautadze;0.401
1391198;530;56;A. Griezmann;0.443
1391198;530;8492;A. Sørloth;0.429
1391198;530;50;Koke;0.352
1391197;532;47264;Hugo Duro;0.479
1391197;532;47463;Pepelu;0.353
1391197;532;46933;Luis Rioja;0.342
1391197;529;1496;Raphinha;0.588
1391197;529;931;Ferran Torres;0.505
1391197;529;521;R. Lewandowski;0.477
1391192;540;47349;Javi Puado;0.373
1391192;540;47398;Pere Milla;0.371
1391192;540;184420;Carlos Romero;0.348
1391192;548;47323;Mikel Oyarzabal;0.475
1391192;548;47440;Brais Méndez;0.407
1391192;548;925;Gonçalo Guedes;0.381
1391195;798;50048;V. Muriqi;0.557
1391195;798;190485;Samú Costa;0.321
1391195;798;414;Omar Mascarell;0.302
1391195;718;51530;F. Viñas;0.345
1391195;718;182486;Alberto Reina;0.308
1391195;718;266202;I. Chaira;0.299
