Nombre_Original_API;Traduccion_ES;Gentilicio_ES
Albania;;
Algeria;;
Andorra;;
Angola;;
Argentina;;
Armenia;;
Australia;;
Austria;;
Azerbaijan;;
Belarus;;
Belgium;;
Bosnia and Herzegovina;;
Brazil;;
Bulgaria;;
Burkina Faso;;
Cameroon;;
Canada;;
Cape Verde;;
Central African Republic;;
Chile;;
China PR;;
Colombia;;
Congo;;
Congo DR;;
Costa Rica;;
Croatia;;
Cuba;;
Cyprus;;
Czech Republic;;
Czechia;;
Côte d'Ivoire;;
Denmark;;
Dominican Republic;;
Ecuador;;
England;;
Equatorial Guinea;;
Eritrea;;
Estonia;;
Finland;;
France;;
French Guiana;;
Gabon;;
Gambia;;
Georgia;;
Germany;;
Ghana;;
Greece;;
Guadeloupe;;
Guinea;;
Guinea-Bissau;;
Honduras;;
Hungary;;
Iceland;;
Indonesia;;
Israel;;
Italy;;
Japan;;
Kenya;;
Korea Republic;;
Kosovo;;
Liberia;;
Lithuania;;
Mali;;
Martinique;;
Mauritania;;
Mexico;;
Montenegro;;
Morocco;;
Mozambique;;
Netherlands;;
New Caledonia;;
Nicaragua;;
Niger;;
Nigeria;;
North Macedonia;;
Norway;;
Panama;;
Paraguay;;
Peru;;
Poland;;
Portugal;;
Puerto Rico;;
Qatar;;
Republic of Ireland;;
Romania;;
Russia;;
Saudi Arabia;;
Scotland;;
Senegal;;
Serbia;;
Sierra Leone;;
Slovakia;;
Slovenia;;
Spain;;
Suriname;;
Sweden;;
Switzerland;;
Togo;;
Tunisia;;
Turkey;;
Türkiye;;
USA;;
Uganda;;
Ukraine;;
Uruguay;;
Venezuela;;
Wales;;
Yugoslavia;;
Zambia;;
Zimbabwe;;
